Zona,Latitud,Longitud,Anio,Mes,Temp_Max,Temp_Min,Precipitacion,Humedad,RadiacionSolar
MATINA,10.0,-83.35,2019,1,26.89,20.79,1.44,84.32,16.72
MATINA,10.0,-83.35,2019,2,28.25,20.83,2.93,80.81,18.62
MATINA,10.0,-83.35,2019,3,27.1,21.18,9.62,84.47,18.13
MATINA,10.0,-83.35,2019,4,28.09,21.94,8.42,85.11,18.83
MATINA,10.0,-83.35,2019,5,28.22,22.88,19.5,90.01,15.38
MATINA,10.0,-83.35,2019,6,28.49,23.2,12.21,89.02,15.27
MATINA,10.0,-83.35,2019,7,27.86,22.65,9.38,89.03,14.8
MATINA,10.0,-83.35,2019,8,28.27,21.92,11.07,88.07,13.95
MATINA,10.0,-83.35,2019,9,28.52,22.21,12.38,86.83,16.4
MATINA,10.0,-83.35,2019,10,28.15,22.07,19.04,87.87,16.12
MATINA,10.0,-83.35,2019,11,27.71,21.93,15.26,87.09,12.58
MATINA,10.0,-83.35,2019,12,27.23,22.25,12.41,88.18,11.78
MATINA,10.0,-83.35,2020,1,26.92,21.69,8.79,87.68,14.61
MATINA,10.0,-83.35,2020,2,27.46,21.12,4.84,86.16,17.4
MATINA,10.0,-83.35,2020,3,27.45,21.67,1.5,82.48,20.65
MATINA,10.0,-83.35,2020,4,28.12,21.7,8.66,82.02,19.32
MATINA,10.0,-83.35,2020,5,28.62,22.91,10.95,87.11,16.32
MATINA,10.0,-83.35,2020,6,28.15,21.18,20.81,88.16,14.93
MATINA,10.0,-83.35,2020,7,27.99,20.66,10.52,87.32,15.92
MATINA,10.0,-83.35,2020,8,28.84,22.64,13.93,87.21,16.25
MATINA,10.0,-83.35,2020,9,28.45,22.59,13.72,84.26,18.32
MATINA,10.0,-83.35,2020,10,27.89,22.66,22.94,87.32,16.07
MATINA,10.0,-83.35,2020,11,28.57,22.6,34.05,88.74,14.22
MATINA,10.0,-83.35,2020,12,26.88,21.32,20.42,87.29,14.17
MATINA,10.0,-83.35,2021,1,26.38,21.02,6.98,86.32,15.37
MATINA,10.0,-83.35,2021,2,27.23,21.33,3.73,85.15,17.87
MATINA,10.0,-83.35,2021,3,27.15,20.38,11.11,84.28,19.21
MATINA,10.0,-83.35,2021,4,27.58,22.45,15.56,87.21,17.0
MATINA,10.0,-83.35,2021,5,28.16,22.76,22.18,88.68,15.04
MATINA,10.0,-83.35,2021,6,27.74,22.88,18.3,87.6,17.1
MATINA,10.0,-83.35,2021,7,27.7,22.13,17.59,88.66,13.98
MATINA,10.0,-83.35,2021,8,27.67,22.02,17.8,87.34,15.43
MATINA,10.0,-83.35,2021,9,27.94,22.2,10.15,85.8,16.74
MATINA,10.0,-83.35,2021,10,28.19,22.15,11.47,85.94,16.7
MATINA,10.0,-83.35,2021,11,27.89,21.97,7.98,86.2,13.3
MATINA,10.0,-83.35,2021,12,26.94,22.32,8.7,88.72,14.23
MATINA,10.0,-83.35,2022,1,26.7,21.28,3.25,84.08,17.15
MATINA,10.0,-83.35,2022,2,26.44,20.33,3.4,83.11,18.54
MATINA,10.0,-83.35,2022,3,27.71,20.64,9.22,84.32,19.12
MATINA,10.0,-83.35,2022,4,28.14,21.71,15.27,86.16,17.57
MATINA,10.0,-83.35,2022,5,28.32,22.01,12.12,88.66,16.56
MATINA,10.0,-83.35,2022,6,28.46,21.95,29.95,89.75,16.28
MATINA,10.0,-83.35,2022,7,27.52,22.32,14.32,89.8,14.28
MATINA,10.0,-83.35,2022,8,28.26,21.16,12.2,86.41,16.29
MATINA,10.0,-83.35,2022,9,28.15,22.65,17.36,86.58,17.45
MATINA,10.0,-83.35,2022,10,28.05,22.58,10.81,86.37,16.28
MATINA,10.0,-83.35,2022,11,27.78,21.94,22.09,89.18,12.68
MATINA,10.0,-83.35,2022,12,26.75,22.05,6.62,86.08,15.74
MATINA,10.0,-83.35,2023,1,26.35,21.79,4.78,86.52,15.61
MATINA,10.0,-83.35,2023,2,26.36,21.13,6.29,85.5,18.16
MATINA,10.0,-83.35,2023,3,27.61,21.31,6.67,84.62,18.21
MATINA,10.0,-83.35,2023,4,28.92,21.61,4.54,82.74,20.88
MATINA,10.0,-83.35,2023,5,29.08,23.07,9.76,84.05,19.06
MATINA,10.0,-83.35,2023,6,28.59,22.44,15.17,88.01,17.01
MATINA,10.0,-83.35,2023,7,28.4,22.89,13.69,90.01,13.43
MATINA,10.0,-83.35,2023,8,29.89,23.24,10.66,87.54,15.41
MATINA,10.0,-83.35,2023,9,29.61,23.1,5.96,84.04,17.26
MATINA,10.0,-83.35,2023,10,29.25,23.57,18.15,87.25,15.53
MATINA,10.0,-83.35,2023,11,29.1,22.56,18.31,90.05,12.8
MATINA,10.0,-83.35,2023,12,28.1,22.37,9.04,87.82,13.49
MATINA,10.0,-83.35,2024,1,27.9,22.29,2.22,86.25,15.57
MATINA,10.0,-83.35,2024,2,28.75,20.9,8.23,85.26,16.05
MATINA,10.0,-83.35,2024,3,29.57,22.08,3.42,83.35,19.6
MATINA,10.0,-83.35,2024,4,28.96,22.76,8.66,83.19,19.7
MATINA,10.0,-83.35,2024,5,29.94,23.36,25.59,85.8,18.2
MATINA,10.0,-83.35,2024,6,29.99,23.72,39.34,88.76,16.75
MATINA,10.0,-83.35,2024,7,28.44,22.94,24.75,89.99,12.37
MATINA,10.0,-83.35,2024,8,28.78,22.66,8.78,85.65,15.3
MATINA,10.0,-83.35,2024,9,29.21,23.5,17.51,86.71,15.87
MATINA,10.0,-83.35,2024,10,28.74,22.79,17.34,88.51,15.44
MATINA,10.0,-83.35,2024,11,27.82,22.62,51.41,90.42,13.24
MATINA,10.0,-83.35,2024,12,27.39,22.2,15.03,89.5,11.09
MATINA,10.0,-83.35,2025,1,27.06,22.15,7.54,88.26,14.05
MATINA,10.0,-83.35,2025,2,27.5,22.33,4.48,86.12,16.71
MATINA,10.0,-83.35,2025,3,27.89,22.24,3.25,83.19,19.71
MATINA,10.0,-83.35,2025,4,28.68,22.87,14.45,85.74,16.22
MATINA,10.0,-83.35,2025,5,28.69,22.42,13.44,89.67,15.52
MATINA,10.0,-83.35,2025,6,28.57,22.91,18.91,89.88,13.04
MATINA,10.0,-83.35,2025,7,27.71,23.12,14.48,89.5,12.17
MATINA,10.0,-83.35,2025,8,27.91,21.95,6.96,87.24,16.49
MATINA,10.0,-83.35,2025,9,28.75,23.01,11.76,86.58,15.65
MATINA,10.0,-83.35,2025,10,28.18,22.98,14.76,88.06,14.37
MATINA,10.0,-83.35,2025,11,28.04,20.72,12.37,89.21,11.78
SIQUIRRES,10.09,-83.5,2019,1,25.95,15.13,0.73,87.04,16.72
SIQUIRRES,10.09,-83.5,2019,2,28.68,14.89,1.52,80.66,18.62
SIQUIRRES,10.09,-83.5,2019,3,27.81,15.39,4.71,83.69,18.13
SIQUIRRES,10.09,-83.5,2019,4,29.62,16.25,4.75,82.1,18.83
SIQUIRRES,10.09,-83.5,2019,5,27.74,17.6,13.5,91.47,15.38
SIQUIRRES,10.09,-83.5,2019,6,26.28,16.99,8.53,91.58,15.27
SIQUIRRES,10.09,-83.5,2019,7,26.21,16.24,6.26,91.08,14.8
SIQUIRRES,10.09,-83.5,2019,8,26.22,16.71,8.3,91.24,13.95
SIQUIRRES,10.09,-83.5,2019,9,26.44,14.89,9.8,91.37,16.4
SIQUIRRES,10.09,-83.5,2019,10,25.66,16.04,12.51,93.36,16.12
SIQUIRRES,10.09,-83.5,2019,11,25.17,14.19,9.94,91.56,12.58
SIQUIRRES,10.09,-83.5,2019,12,24.73,15.99,6.34,91.88,11.78
SIQUIRRES,10.09,-83.5,2020,1,24.93,16.08,4.42,90.99,14.61
SIQUIRRES,10.09,-83.5,2020,2,25.54,13.96,2.55,89.05,17.4
SIQUIRRES,10.09,-83.5,2020,3,27.16,15.73,0.82,83.52,20.65
SIQUIRRES,10.09,-83.5,2020,4,28.54,15.52,6.57,83.35,19.32
SIQUIRRES,10.09,-83.5,2020,5,28.0,17.21,7.76,88.7,16.32
SIQUIRRES,10.09,-83.5,2020,6,26.39,15.56,13.64,91.46,14.93
SIQUIRRES,10.09,-83.5,2020,7,25.75,14.07,6.98,90.94,15.92
SIQUIRRES,10.09,-83.5,2020,8,27.24,14.97,7.83,90.98,16.25
SIQUIRRES,10.09,-83.5,2020,9,26.1,14.82,8.88,89.58,18.32
SIQUIRRES,10.09,-83.5,2020,10,25.92,16.48,13.55,92.39,16.07
SIQUIRRES,10.09,-83.5,2020,11,26.19,16.56,16.18,92.52,14.22
SIQUIRRES,10.09,-83.5,2020,12,24.26,13.57,10.77,91.87,14.17
SIQUIRRES,10.09,-83.5,2021,1,24.24,13.59,3.27,90.49,15.37
SIQUIRRES,10.09,-83.5,2021,2,25.43,15.41,1.53,87.9,17.87
SIQUIRRES,10.09,-83.5,2021,3,26.89,13.38,5.2,85.54,19.21
SIQUIRRES,10.09,-83.5,2021,4,26.94,15.34,9.74,88.86,17.0
SIQUIRRES,10.09,-83.5,2021,5,27.07,15.95,10.32,91.07,15.04
SIQUIRRES,10.09,-83.5,2021,6,25.98,15.07,9.86,90.93,17.1
SIQUIRRES,10.09,-83.5,2021,7,25.91,16.23,9.89,91.44,13.98
SIQUIRRES,10.09,-83.5,2021,8,25.09,15.62,12.41,91.23,15.43
SIQUIRRES,10.09,-83.5,2021,9,26.4,16.71,7.95,90.36,16.74
SIQUIRRES,10.09,-83.5,2021,10,26.15,16.38,7.6,90.83,16.7
SIQUIRRES,10.09,-83.5,2021,11,25.94,14.78,4.09,90.33,13.3
SIQUIRRES,10.09,-83.5,2021,12,24.62,16.47,4.18,91.61,14.23
SIQUIRRES,10.09,-83.5,2022,1,24.56,15.2,1.4,87.92,17.15
SIQUIRRES,10.09,-83.5,2022,2,24.92,12.54,1.65,84.07,18.54
SIQUIRRES,10.09,-83.5,2022,3,27.35,14.26,7.19,84.93,19.12
SIQUIRRES,10.09,-83.5,2022,4,27.35,15.8,8.26,87.36,17.57
SIQUIRRES,10.09,-83.5,2022,5,27.06,16.22,8.59,90.6,16.56
SIQUIRRES,10.09,-83.5,2022,6,26.71,15.3,15.96,92.94,16.28
SIQUIRRES,10.09,-83.5,2022,7,25.66,16.29,7.43,92.15,14.28
SIQUIRRES,10.09,-83.5,2022,8,26.22,15.27,6.15,89.93,16.29
SIQUIRRES,10.09,-83.5,2022,9,26.33,16.89,10.84,91.01,17.45
SIQUIRRES,10.09,-83.5,2022,10,25.53,16.11,9.1,91.46,16.28
SIQUIRRES,10.09,-83.5,2022,11,25.67,15.34,11.4,92.97,12.68
SIQUIRRES,10.09,-83.5,2022,12,24.12,15.47,3.39,90.88,15.74
SIQUIRRES,10.09,-83.5,2023,1,23.81,14.71,2.61,90.2,15.61
SIQUIRRES,10.09,-83.5,2023,2,25.5,13.53,3.12,88.15,18.16
SIQUIRRES,10.09,-83.5,2023,3,26.88,15.29,4.89,87.55,18.21
SIQUIRRES,10.09,-83.5,2023,4,29.09,14.76,3.41,83.38,20.88
SIQUIRRES,10.09,-83.5,2023,5,28.39,16.99,7.45,85.51,19.06
SIQUIRRES,10.09,-83.5,2023,6,27.36,15.81,9.71,90.52,17.01
SIQUIRRES,10.09,-83.5,2023,7,26.35,16.89,9.46,91.8,13.43
SIQUIRRES,10.09,-83.5,2023,8,27.28,17.24,7.49,90.84,15.41
SIQUIRRES,10.09,-83.5,2023,9,26.95,15.9,5.91,88.68,17.26
SIQUIRRES,10.09,-83.5,2023,10,26.68,17.48,12.31,92.57,15.53
SIQUIRRES,10.09,-83.5,2023,11,26.1,16.67,9.81,93.77,12.8
SIQUIRRES,10.09,-83.5,2023,12,25.7,16.68,4.84,91.62,13.49
SIQUIRRES,10.09,-83.5,2024,1,25.79,15.93,1.09,89.62,15.57
SIQUIRRES,10.09,-83.5,2024,2,26.77,13.93,4.05,87.47,16.05
SIQUIRRES,10.09,-83.5,2024,3,30.59,14.21,2.08,81.79,19.6
SIQUIRRES,10.09,-83.5,2024,4,29.97,14.95,5.72,83.24,19.7
SIQUIRRES,10.09,-83.5,2024,5,29.0,16.76,25.32,87.56,18.2
SIQUIRRES,10.09,-83.5,2024,6,26.71,17.71,25.62,92.91,16.75
SIQUIRRES,10.09,-83.5,2024,7,26.2,16.85,17.4,93.1,12.37
SIQUIRRES,10.09,-83.5,2024,8,26.39,17.28,6.5,90.32,15.3
SIQUIRRES,10.09,-83.5,2024,9,27.05,17.87,13.11,91.03,15.87
SIQUIRRES,10.09,-83.5,2024,10,26.76,17.47,12.39,93.06,15.44
SIQUIRRES,10.09,-83.5,2024,11,25.46,16.24,25.99,94.04,13.24
SIQUIRRES,10.09,-83.5,2024,12,24.69,16.22,7.89,93.15,11.09
SIQUIRRES,10.09,-83.5,2025,1,24.42,14.9,3.95,91.29,14.05
SIQUIRRES,10.09,-83.5,2025,2,26.03,15.61,2.06,88.61,16.71
SIQUIRRES,10.09,-83.5,2025,3,27.44,15.96,2.53,84.79,19.71
SIQUIRRES,10.09,-83.5,2025,4,27.01,16.5,11.42,87.64,16.22
SIQUIRRES,10.09,-83.5,2025,5,26.25,16.62,11.77,92.25,15.52
SIQUIRRES,10.09,-83.5,2025,6,26.53,17.15,16.01,92.72,13.04
SIQUIRRES,10.09,-83.5,2025,7,25.72,17.18,7.78,91.78,12.17
SIQUIRRES,10.09,-83.5,2025,8,25.95,15.8,5.06,90.16,16.49
SIQUIRRES,10.09,-83.5,2025,9,26.64,16.58,10.95,90.97,15.65
SIQUIRRES,10.09,-83.5,2025,10,25.65,16.93,12.1,92.24,14.37
SIQUIRRES,10.09,-83.5,2025,11,26.15,14.71,6.93,92.71,11.78
VALLE LA ESTRELLA,9.86,-83.0,2019,1,26.89,20.79,1.44,84.32,17.12
VALLE LA ESTRELLA,9.86,-83.0,2019,2,28.25,20.83,2.93,80.81,17.99
VALLE LA ESTRELLA,9.86,-83.0,2019,3,27.1,21.18,9.62,84.47,16.42
VALLE LA ESTRELLA,9.86,-83.0,2019,4,28.09,21.94,8.42,85.11,16.36
VALLE LA ESTRELLA,9.86,-83.0,2019,5,28.22,22.88,19.5,90.01,15.57
VALLE LA ESTRELLA,9.86,-83.0,2019,6,28.49,23.2,12.21,89.02,15.18
VALLE LA ESTRELLA,9.86,-83.0,2019,7,27.86,22.65,9.38,89.03,14.52
VALLE LA ESTRELLA,9.86,-83.0,2019,8,28.27,21.92,11.07,88.07,14.78
VALLE LA ESTRELLA,9.86,-83.0,2019,9,28.52,22.21,12.38,86.83,15.39
VALLE LA ESTRELLA,9.86,-83.0,2019,10,28.15,22.07,19.04,87.87,16.61
VALLE LA ESTRELLA,9.86,-83.0,2019,11,27.71,21.93,15.26,87.09,12.93
VALLE LA ESTRELLA,9.86,-83.0,2019,12,27.23,22.25,12.41,88.18,12.67
VALLE LA ESTRELLA,9.86,-83.0,2020,1,26.92,21.69,8.79,87.68,14.53
VALLE LA ESTRELLA,9.86,-83.0,2020,2,27.46,21.12,4.84,86.16,17.39
VALLE LA ESTRELLA,9.86,-83.0,2020,3,27.45,21.67,1.5,82.48,20.35
VALLE LA ESTRELLA,9.86,-83.0,2020,4,28.12,21.7,8.66,82.02,16.57
VALLE LA ESTRELLA,9.86,-83.0,2020,5,28.62,22.91,10.95,87.11,15.83
VALLE LA ESTRELLA,9.86,-83.0,2020,6,28.15,21.18,20.81,88.16,14.47
VALLE LA ESTRELLA,9.86,-83.0,2020,7,27.99,20.66,10.52,87.32,15.81
VALLE LA ESTRELLA,9.86,-83.0,2020,8,28.84,22.64,13.93,87.21,15.45
VALLE LA ESTRELLA,9.86,-83.0,2020,9,28.45,22.59,13.72,84.26,18.03
VALLE LA ESTRELLA,9.86,-83.0,2020,10,27.89,22.66,22.94,87.32,16.94
VALLE LA ESTRELLA,9.86,-83.0,2020,11,28.57,22.6,34.05,88.74,14.75
VALLE LA ESTRELLA,9.86,-83.0,2020,12,26.88,21.32,20.42,87.29,14.55
VALLE LA ESTRELLA,9.86,-83.0,2021,1,26.38,21.02,6.98,86.32,15.36
VALLE LA ESTRELLA,9.86,-83.0,2021,2,27.23,21.33,3.73,85.15,17.44
VALLE LA ESTRELLA,9.86,-83.0,2021,3,27.15,20.38,11.11,84.28,17.59
VALLE LA ESTRELLA,9.86,-83.0,2021,4,27.58,22.45,15.56,87.21,16.06
VALLE LA ESTRELLA,9.86,-83.0,2021,5,28.16,22.76,22.18,88.68,14.76
VALLE LA ESTRELLA,9.86,-83.0,2021,6,27.74,22.88,18.3,87.6,16.0
VALLE LA ESTRELLA,9.86,-83.0,2021,7,27.7,22.13,17.59,88.66,13.8
VALLE LA ESTRELLA,9.86,-83.0,2021,8,27.67,22.02,17.8,87.34,15.62
VALLE LA ESTRELLA,9.86,-83.0,2021,9,27.94,22.2,10.15,85.8,16.35
VALLE LA ESTRELLA,9.86,-83.0,2021,10,28.19,22.15,11.47,85.94,17.02
VALLE LA ESTRELLA,9.86,-83.0,2021,11,27.89,21.97,7.98,86.2,14.07
VALLE LA ESTRELLA,9.86,-83.0,2021,12,26.94,22.32,8.7,88.72,14.1
VALLE LA ESTRELLA,9.86,-83.0,2022,1,26.7,21.28,3.25,84.08,17.97
VALLE LA ESTRELLA,9.86,-83.0,2022,2,26.44,20.33,3.4,83.11,17.93
VALLE LA ESTRELLA,9.86,-83.0,2022,3,27.71,20.64,9.22,84.32,18.49
VALLE LA ESTRELLA,9.86,-83.0,2022,4,28.14,21.71,15.27,86.16,16.28
VALLE LA ESTRELLA,9.86,-83.0,2022,5,28.32,22.01,12.12,88.66,17.02
VALLE LA ESTRELLA,9.86,-83.0,2022,6,28.46,21.95,29.95,89.75,15.04
VALLE LA ESTRELLA,9.86,-83.0,2022,7,27.52,22.32,14.32,89.8,14.58
VALLE LA ESTRELLA,9.86,-83.0,2022,8,28.26,21.16,12.2,86.41,17.53
VALLE LA ESTRELLA,9.86,-83.0,2022,9,28.15,22.65,17.36,86.58,16.83
VALLE LA ESTRELLA,9.86,-83.0,2022,10,28.05,22.58,10.81,86.37,15.79
VALLE LA ESTRELLA,9.86,-83.0,2022,11,27.78,21.94,22.09,89.18,12.79
VALLE LA ESTRELLA,9.86,-83.0,2022,12,26.75,22.05,6.62,86.08,13.96
VALLE LA ESTRELLA,9.86,-83.0,2023,1,26.35,21.79,4.78,86.52,16.18
VALLE LA ESTRELLA,9.86,-83.0,2023,2,26.36,21.13,6.29,85.5,17.34
VALLE LA ESTRELLA,9.86,-83.0,2023,3,27.61,21.31,6.67,84.62,18.07
VALLE LA ESTRELLA,9.86,-83.0,2023,4,28.92,21.61,4.54,82.74,19.74
VALLE LA ESTRELLA,9.86,-83.0,2023,5,29.08,23.07,9.76,84.05,18.96
VALLE LA ESTRELLA,9.86,-83.0,2023,6,28.59,22.44,15.17,88.01,16.67
VALLE LA ESTRELLA,9.86,-83.0,2023,7,28.4,22.89,13.69,90.01,14.82
VALLE LA ESTRELLA,9.86,-83.0,2023,8,29.89,23.24,10.66,87.54,15.91
VALLE LA ESTRELLA,9.86,-83.0,2023,9,29.61,23.1,5.96,84.04,16.62
VALLE LA ESTRELLA,9.86,-83.0,2023,10,29.25,23.57,18.15,87.25,16.0
VALLE LA ESTRELLA,9.86,-83.0,2023,11,29.1,22.56,18.31,90.05,13.58
VALLE LA ESTRELLA,9.86,-83.0,2023,12,28.1,22.37,9.04,87.82,14.56
VALLE LA ESTRELLA,9.86,-83.0,2024,1,27.9,22.29,2.22,86.25,16.3
VALLE LA ESTRELLA,9.86,-83.0,2024,2,28.75,20.9,8.23,85.26,16.37
VALLE LA ESTRELLA,9.86,-83.0,2024,3,29.57,22.08,3.42,83.35,19.72
VALLE LA ESTRELLA,9.86,-83.0,2024,4,28.96,22.76,8.66,83.19,18.08
VALLE LA ESTRELLA,9.86,-83.0,2024,5,29.94,23.36,25.59,85.8,17.52
VALLE LA ESTRELLA,9.86,-83.0,2024,6,29.99,23.72,39.34,88.76,16.05
VALLE LA ESTRELLA,9.86,-83.0,2024,7,28.44,22.94,24.75,89.99,13.74
VALLE LA ESTRELLA,9.86,-83.0,2024,8,28.78,22.66,8.78,85.65,15.77
VALLE LA ESTRELLA,9.86,-83.0,2024,9,29.21,23.5,17.51,86.71,15.22
VALLE LA ESTRELLA,9.86,-83.0,2024,10,28.74,22.79,17.34,88.51,15.78
VALLE LA ESTRELLA,9.86,-83.0,2024,11,27.82,22.62,51.41,90.42,15.1
VALLE LA ESTRELLA,9.86,-83.0,2024,12,27.39,22.2,15.03,89.5,12.03
VALLE LA ESTRELLA,9.86,-83.0,2025,1,27.06,22.15,7.54,88.26,14.19
VALLE LA ESTRELLA,9.86,-83.0,2025,2,27.5,22.33,4.48,86.12,15.98
VALLE LA ESTRELLA,9.86,-83.0,2025,3,27.89,22.24,3.25,83.19,18.66
VALLE LA ESTRELLA,9.86,-83.0,2025,4,28.68,22.87,14.45,85.74,14.83
VALLE LA ESTRELLA,9.86,-83.0,2025,5,28.69,22.42,13.44,89.67,15.55
VALLE LA ESTRELLA,9.86,-83.0,2025,6,28.57,22.91,18.91,89.88,14.14
VALLE LA ESTRELLA,9.86,-83.0,2025,7,27.71,23.12,14.48,89.5,13.54
VALLE LA ESTRELLA,9.86,-83.0,2025,8,27.91,21.95,6.96,87.24,16.48
VALLE LA ESTRELLA,9.86,-83.0,2025,9,28.75,23.01,11.76,86.58,15.13
VALLE LA ESTRELLA,9.86,-83.0,2025,10,28.18,22.98,14.76,88.06,15.04
VALLE LA ESTRELLA,9.86,-83.0,2025,11,28.04,20.72,12.37,89.21,12.07
CARIARI,10.22,-83.77,2019,1,25.95,15.13,0.73,87.04,16.72
CARIARI,10.22,-83.77,2019,2,28.68,14.89,1.52,80.66,18.62
CARIARI,10.22,-83.77,2019,3,27.81,15.39,4.71,83.69,18.13
CARIARI,10.22,-83.77,2019,4,29.62,16.25,4.75,82.1,18.83
CARIARI,10.22,-83.77,2019,5,27.74,17.6,13.5,91.47,15.38
CARIARI,10.22,-83.77,2019,6,26.28,16.99,8.53,91.58,15.27
CARIARI,10.22,-83.77,2019,7,26.21,16.24,6.26,91.08,14.8
CARIARI,10.22,-83.77,2019,8,26.22,16.71,8.3,91.24,13.95
CARIARI,10.22,-83.77,2019,9,26.44,14.89,9.8,91.37,16.4
CARIARI,10.22,-83.77,2019,10,25.66,16.04,12.51,93.36,16.12
CARIARI,10.22,-83.77,2019,11,25.17,14.19,9.94,91.56,12.58
CARIARI,10.22,-83.77,2019,12,24.73,15.99,6.34,91.88,11.78
CARIARI,10.22,-83.77,2020,1,24.93,16.08,4.42,90.99,14.61
CARIARI,10.22,-83.77,2020,2,25.54,13.96,2.55,89.05,17.4
CARIARI,10.22,-83.77,2020,3,27.16,15.73,0.82,83.52,20.65
CARIARI,10.22,-83.77,2020,4,28.54,15.52,6.57,83.35,19.32
CARIARI,10.22,-83.77,2020,5,28.0,17.21,7.76,88.7,16.32
CARIARI,10.22,-83.77,2020,6,26.39,15.56,13.64,91.46,14.93
CARIARI,10.22,-83.77,2020,7,25.75,14.07,6.98,90.94,15.92
CARIARI,10.22,-83.77,2020,8,27.24,14.97,7.83,90.98,16.25
CARIARI,10.22,-83.77,2020,9,26.1,14.82,8.88,89.58,18.32
CARIARI,10.22,-83.77,2020,10,25.92,16.48,13.55,92.39,16.07
CARIARI,10.22,-83.77,2020,11,26.19,16.56,16.18,92.52,14.22
CARIARI,10.22,-83.77,2020,12,24.26,13.57,10.77,91.87,14.17
CARIARI,10.22,-83.77,2021,1,24.24,13.59,3.27,90.49,15.37
CARIARI,10.22,-83.77,2021,2,25.43,15.41,1.53,87.9,17.87
CARIARI,10.22,-83.77,2021,3,26.89,13.38,5.2,85.54,19.21
CARIARI,10.22,-83.77,2021,4,26.94,15.34,9.74,88.86,17.0
CARIARI,10.22,-83.77,2021,5,27.07,15.95,10.32,91.07,15.04
CARIARI,10.22,-83.77,2021,6,25.98,15.07,9.86,90.93,17.1
CARIARI,10.22,-83.77,2021,7,25.91,16.23,9.89,91.44,13.98
CARIARI,10.22,-83.77,2021,8,25.09,15.62,12.41,91.23,15.43
CARIARI,10.22,-83.77,2021,9,26.4,16.71,7.95,90.36,16.74
CARIARI,10.22,-83.77,2021,10,26.15,16.38,7.6,90.83,16.7
CARIARI,10.22,-83.77,2021,11,25.94,14.78,4.09,90.33,13.3
CARIARI,10.22,-83.77,2021,12,24.62,16.47,4.18,91.61,14.23
CARIARI,10.22,-83.77,2022,1,24.56,15.2,1.4,87.92,17.15
CARIARI,10.22,-83.77,2022,2,24.92,12.54,1.65,84.07,18.54
CARIARI,10.22,-83.77,2022,3,27.35,14.26,7.19,84.93,19.12
CARIARI,10.22,-83.77,2022,4,27.35,15.8,8.26,87.36,17.57
CARIARI,10.22,-83.77,2022,5,27.06,16.22,8.59,90.6,16.56
CARIARI,10.22,-83.77,2022,6,26.71,15.3,15.96,92.94,16.28
CARIARI,10.22,-83.77,2022,7,25.66,16.29,7.43,92.15,14.28
CARIARI,10.22,-83.77,2022,8,26.22,15.27,6.15,89.93,16.29
CARIARI,10.22,-83.77,2022,9,26.33,16.89,10.84,91.01,17.45
CARIARI,10.22,-83.77,2022,10,25.53,16.11,9.1,91.46,16.28
CARIARI,10.22,-83.77,2022,11,25.67,15.34,11.4,92.97,12.68
CARIARI,10.22,-83.77,2022,12,24.12,15.47,3.39,90.88,15.74
CARIARI,10.22,-83.77,2023,1,23.81,14.71,2.61,90.2,15.61
CARIARI,10.22,-83.77,2023,2,25.5,13.53,3.12,88.15,18.16
CARIARI,10.22,-83.77,2023,3,26.88,15.29,4.89,87.55,18.21
CARIARI,10.22,-83.77,2023,4,29.09,14.76,3.41,83.38,20.88
CARIARI,10.22,-83.77,2023,5,28.39,16.99,7.45,85.51,19.06
CARIARI,10.22,-83.77,2023,6,27.36,15.81,9.71,90.52,17.01
CARIARI,10.22,-83.77,2023,7,26.35,16.89,9.46,91.8,13.43
CARIARI,10.22,-83.77,2023,8,27.28,17.24,7.49,90.84,15.41
CARIARI,10.22,-83.77,2023,9,26.95,15.9,5.91,88.68,17.26
CARIARI,10.22,-83.77,2023,10,26.68,17.48,12.31,92.57,15.53
CARIARI,10.22,-83.77,2023,11,26.1,16.67,9.81,93.77,12.8
CARIARI,10.22,-83.77,2023,12,25.7,16.68,4.84,91.62,13.49
CARIARI,10.22,-83.77,2024,1,25.79,15.93,1.09,89.62,15.57
CARIARI,10.22,-83.77,2024,2,26.77,13.93,4.05,87.47,16.05
CARIARI,10.22,-83.77,2024,3,30.59,14.21,2.08,81.79,19.6
CARIARI,10.22,-83.77,2024,4,29.97,14.95,5.72,83.24,19.7
CARIARI,10.22,-83.77,2024,5,29.0,16.76,25.32,87.56,18.2
CARIARI,10.22,-83.77,2024,6,26.71,17.71,25.62,92.91,16.75
CARIARI,10.22,-83.77,2024,7,26.2,16.85,17.4,93.1,12.37
CARIARI,10.22,-83.77,2024,8,26.39,17.28,6.5,90.32,15.3
CARIARI,10.22,-83.77,2024,9,27.05,17.87,13.11,91.03,15.87
CARIARI,10.22,-83.77,2024,10,26.76,17.47,12.39,93.06,15.44
CARIARI,10.22,-83.77,2024,11,25.46,16.24,25.99,94.04,13.24
CARIARI,10.22,-83.77,2024,12,24.69,16.22,7.89,93.15,11.09
CARIARI,10.22,-83.77,2025,1,24.42,14.9,3.95,91.29,14.05
CARIARI,10.22,-83.77,2025,2,26.03,15.61,2.06,88.61,16.71
CARIARI,10.22,-83.77,2025,3,27.44,15.96,2.53,84.79,19.71
CARIARI,10.22,-83.77,2025,4,27.01,16.5,11.42,87.64,16.22
CARIARI,10.22,-83.77,2025,5,26.25,16.62,11.77,92.25,15.52
CARIARI,10.22,-83.77,2025,6,26.53,17.15,16.01,92.72,13.04
CARIARI,10.22,-83.77,2025,7,25.72,17.18,7.78,91.78,12.17
CARIARI,10.22,-83.77,2025,8,25.95,15.8,5.06,90.16,16.49
CARIARI,10.22,-83.77,2025,9,26.64,16.58,10.95,90.97,15.65
CARIARI,10.22,-83.77,2025,10,25.65,16.93,12.1,92.24,14.37
CARIARI,10.22,-83.77,2025,11,26.15,14.71,6.93,92.71,11.78
LA RITA,10.22,-83.77,2019,1,25.95,15.13,0.73,87.04,16.72
LA RITA,10.22,-83.77,2019,2,28.68,14.89,1.52,80.66,18.62
LA RITA,10.22,-83.77,2019,3,27.81,15.39,4.71,83.69,18.13
LA RITA,10.22,-83.77,2019,4,29.62,16.25,4.75,82.1,18.83
LA RITA,10.22,-83.77,2019,5,27.74,17.6,13.5,91.47,15.38
LA RITA,10.22,-83.77,2019,6,26.28,16.99,8.53,91.58,15.27
LA RITA,10.22,-83.77,2019,7,26.21,16.24,6.26,91.08,14.8
LA RITA,10.22,-83.77,2019,8,26.22,16.71,8.3,91.24,13.95
LA RITA,10.22,-83.77,2019,9,26.44,14.89,9.8,91.37,16.4
LA RITA,10.22,-83.77,2019,10,25.66,16.04,12.51,93.36,16.12
LA RITA,10.22,-83.77,2019,11,25.17,14.19,9.94,91.56,12.58
LA RITA,10.22,-83.77,2019,12,24.73,15.99,6.34,91.88,11.78
LA RITA,10.22,-83.77,2020,1,24.93,16.08,4.42,90.99,14.61
LA RITA,10.22,-83.77,2020,2,25.54,13.96,2.55,89.05,17.4
LA RITA,10.22,-83.77,2020,3,27.16,15.73,0.82,83.52,20.65
LA RITA,10.22,-83.77,2020,4,28.54,15.52,6.57,83.35,19.32
LA RITA,10.22,-83.77,2020,5,28.0,17.21,7.76,88.7,16.32
LA RITA,10.22,-83.77,2020,6,26.39,15.56,13.64,91.46,14.93
LA RITA,10.22,-83.77,2020,7,25.75,14.07,6.98,90.94,15.92
LA RITA,10.22,-83.77,2020,8,27.24,14.97,7.83,90.98,16.25
LA RITA,10.22,-83.77,2020,9,26.1,14.82,8.88,89.58,18.32
LA RITA,10.22,-83.77,2020,10,25.92,16.48,13.55,92.39,16.07
LA RITA,10.22,-83.77,2020,11,26.19,16.56,16.18,92.52,14.22
LA RITA,10.22,-83.77,2020,12,24.26,13.57,10.77,91.87,14.17
LA RITA,10.22,-83.77,2021,1,24.24,13.59,3.27,90.49,15.37
LA RITA,10.22,-83.77,2021,2,25.43,15.41,1.53,87.9,17.87
LA RITA,10.22,-83.77,2021,3,26.89,13.38,5.2,85.54,19.21
LA RITA,10.22,-83.77,2021,4,26.94,15.34,9.74,88.86,17.0
LA RITA,10.22,-83.77,2021,5,27.07,15.95,10.32,91.07,15.04
LA RITA,10.22,-83.77,2021,6,25.98,15.07,9.86,90.93,17.1
LA RITA,10.22,-83.77,2021,7,25.91,16.23,9.89,91.44,13.98
LA RITA,10.22,-83.77,2021,8,25.09,15.62,12.41,91.23,15.43
LA RITA,10.22,-83.77,2021,9,26.4,16.71,7.95,90.36,16.74
LA RITA,10.22,-83.77,2021,10,26.15,16.38,7.6,90.83,16.7
LA RITA,10.22,-83.77,2021,11,25.94,14.78,4.09,90.33,13.3
LA RITA,10.22,-83.77,2021,12,24.62,16.47,4.18,91.61,14.23
LA RITA,10.22,-83.77,2022,1,24.56,15.2,1.4,87.92,17.15
LA RITA,10.22,-83.77,2022,2,24.92,12.54,1.65,84.07,18.54
LA RITA,10.22,-83.77,2022,3,27.35,14.26,7.19,84.93,19.12
LA RITA,10.22,-83.77,2022,4,27.35,15.8,8.26,87.36,17.57
LA RITA,10.22,-83.77,2022,5,27.06,16.22,8.59,90.6,16.56
LA RITA,10.22,-83.77,2022,6,26.71,15.3,15.96,92.94,16.28
LA RITA,10.22,-83.77,2022,7,25.66,16.29,7.43,92.15,14.28
LA RITA,10.22,-83.77,2022,8,26.22,15.27,6.15,89.93,16.29
LA RITA,10.22,-83.77,2022,9,26.33,16.89,10.84,91.01,17.45
LA RITA,10.22,-83.77,2022,10,25.53,16.11,9.1,91.46,16.28
LA RITA,10.22,-83.77,2022,11,25.67,15.34,11.4,92.97,12.68
LA RITA,10.22,-83.77,2022,12,24.12,15.47,3.39,90.88,15.74
LA RITA,10.22,-83.77,2023,1,23.81,14.71,2.61,90.2,15.61
LA RITA,10.22,-83.77,2023,2,25.5,13.53,3.12,88.15,18.16
LA RITA,10.22,-83.77,2023,3,26.88,15.29,4.89,87.55,18.21
LA RITA,10.22,-83.77,2023,4,29.09,14.76,3.41,83.38,20.88
LA RITA,10.22,-83.77,2023,5,28.39,16.99,7.45,85.51,19.06
LA RITA,10.22,-83.77,2023,6,27.36,15.81,9.71,90.52,17.01
LA RITA,10.22,-83.77,2023,7,26.35,16.89,9.46,91.8,13.43
LA RITA,10.22,-83.77,2023,8,27.28,17.24,7.49,90.84,15.41
LA RITA,10.22,-83.77,2023,9,26.95,15.9,5.91,88.68,17.26
LA RITA,10.22,-83.77,2023,10,26.68,17.48,12.31,92.57,15.53
LA RITA,10.22,-83.77,2023,11,26.1,16.67,9.81,93.77,12.8
LA RITA,10.22,-83.77,2023,12,25.7,16.68,4.84,91.62,13.49
LA RITA,10.22,-83.77,2024,1,25.79,15.93,1.09,89.62,15.57
LA RITA,10.22,-83.77,2024,2,26.77,13.93,4.05,87.47,16.05
LA RITA,10.22,-83.77,2024,3,30.59,14.21,2.08,81.79,19.6
LA RITA,10.22,-83.77,2024,4,29.97,14.95,5.72,83.24,19.7
LA RITA,10.22,-83.77,2024,5,29.0,16.76,25.32,87.56,18.2
LA RITA,10.22,-83.77,2024,6,26.71,17.71,25.62,92.91,16.75
LA RITA,10.22,-83.77,2024,7,26.2,16.85,17.4,93.1,12.37
LA RITA,10.22,-83.77,2024,8,26.39,17.28,6.5,90.32,15.3
LA RITA,10.22,-83.77,2024,9,27.05,17.87,13.11,91.03,15.87
LA RITA,10.22,-83.77,2024,10,26.76,17.47,12.39,93.06,15.44
LA RITA,10.22,-83.77,2024,11,25.46,16.24,25.99,94.04,13.24
LA RITA,10.22,-83.77,2024,12,24.69,16.22,7.89,93.15,11.09
LA RITA,10.22,-83.77,2025,1,24.42,14.9,3.95,91.29,14.05
LA RITA,10.22,-83.77,2025,2,26.03,15.61,2.06,88.61,16.71
LA RITA,10.22,-83.77,2025,3,27.44,15.96,2.53,84.79,19.71
LA RITA,10.22,-83.77,2025,4,27.01,16.5,11.42,87.64,16.22
LA RITA,10.22,-83.77,2025,5,26.25,16.62,11.77,92.25,15.52
LA RITA,10.22,-83.77,2025,6,26.53,17.15,16.01,92.72,13.04
LA RITA,10.22,-83.77,2025,7,25.72,17.18,7.78,91.78,12.17
LA RITA,10.22,-83.77,2025,8,25.95,15.8,5.06,90.16,16.49
LA RITA,10.22,-83.77,2025,9,26.64,16.58,10.95,90.97,15.65
LA RITA,10.22,-83.77,2025,10,25.65,16.93,12.1,92.24,14.37
LA RITA,10.22,-83.77,2025,11,26.15,14.71,6.93,92.71,11.78
ROXANA,10.25,-83.72,2019,1,29.27,20.37,0.87,83.81,16.72
ROXANA,10.25,-83.72,2019,2,31.46,20.56,1.75,77.55,18.62
ROXANA,10.25,-83.72,2019,3,30.11,20.51,5.55,81.72,18.13
ROXANA,10.25,-83.72,2019,4,32.01,21.53,4.83,80.63,18.83
ROXANA,10.25,-83.72,2019,5,30.24,22.72,15.91,91.33,15.38
ROXANA,10.25,-83.72,2019,6,29.14,22.99,9.29,91.95,15.27
ROXANA,10.25,-83.72,2019,7,28.94,22.73,7.68,91.38,14.8
ROXANA,10.25,-83.72,2019,8,29.16,21.3,8.81,91.7,13.95
ROXANA,10.25,-83.72,2019,9,29.27,21.3,11.35,90.8,16.4
ROXANA,10.25,-83.72,2019,10,28.66,21.53,15.54,91.27,16.12
ROXANA,10.25,-83.72,2019,11,28.44,21.26,11.32,91.2,12.58
ROXANA,10.25,-83.72,2019,12,28.17,21.93,8.15,91.22,11.78
ROXANA,10.25,-83.72,2020,1,27.53,20.87,5.33,89.76,14.61
ROXANA,10.25,-83.72,2020,2,29.14,20.73,3.22,88.09,17.4
ROXANA,10.25,-83.72,2020,3,30.4,21.42,0.88,80.01,20.65
ROXANA,10.25,-83.72,2020,4,31.13,20.9,6.5,81.06,19.32
ROXANA,10.25,-83.72,2020,5,30.67,22.77,8.9,87.5,16.32
ROXANA,10.25,-83.72,2020,6,28.87,21.66,16.9,91.39,14.93
ROXANA,10.25,-83.72,2020,7,28.8,19.62,8.89,90.55,15.92
ROXANA,10.25,-83.72,2020,8,29.5,22.03,10.56,91.19,16.25
ROXANA,10.25,-83.72,2020,9,28.88,19.75,11.54,89.08,18.32
ROXANA,10.25,-83.72,2020,10,28.7,21.66,19.89,91.39,16.07
ROXANA,10.25,-83.72,2020,11,29.36,21.77,27.23,91.81,14.22
ROXANA,10.25,-83.72,2020,12,27.77,20.77,12.35,90.98,14.17
ROXANA,10.25,-83.72,2021,1,27.21,20.64,4.34,89.47,15.37
ROXANA,10.25,-83.72,2021,2,28.15,20.78,2.02,86.52,17.87
ROXANA,10.25,-83.72,2021,3,29.83,19.29,6.48,83.13,19.21
ROXANA,10.25,-83.72,2021,4,29.67,21.59,12.37,88.35,17.0
ROXANA,10.25,-83.72,2021,5,29.15,22.01,14.54,90.81,15.04
ROXANA,10.25,-83.72,2021,6,28.9,21.92,16.44,91.19,17.1
ROXANA,10.25,-83.72,2021,7,28.6,21.65,14.05,91.72,13.98
ROXANA,10.25,-83.72,2021,8,29.0,21.54,17.36,90.63,15.43
ROXANA,10.25,-83.72,2021,9,29.17,21.78,10.68,90.6,16.74
ROXANA,10.25,-83.72,2021,10,29.12,21.64,9.12,89.85,16.7
ROXANA,10.25,-83.72,2021,11,28.6,20.51,4.84,89.71,13.3
ROXANA,10.25,-83.72,2021,12,27.77,21.5,5.41,91.13,14.23
ROXANA,10.25,-83.72,2022,1,27.71,20.0,2.27,86.54,17.15
ROXANA,10.25,-83.72,2022,2,28.94,19.1,2.09,81.14,18.54
ROXANA,10.25,-83.72,2022,3,30.15,20.93,8.67,84.57,19.12
ROXANA,10.25,-83.72,2022,4,30.21,20.86,10.04,87.09,17.57
ROXANA,10.25,-83.72,2022,5,29.36,21.76,11.31,91.26,16.56
ROXANA,10.25,-83.72,2022,6,29.48,21.17,24.5,92.36,16.28
ROXANA,10.25,-83.72,2022,7,28.47,22.38,10.44,92.28,14.28
ROXANA,10.25,-83.72,2022,8,29.12,21.1,7.78,89.77,16.29
ROXANA,10.25,-83.72,2022,9,29.02,21.92,13.07,90.47,17.45
ROXANA,10.25,-83.72,2022,10,28.9,22.0,9.17,90.34,16.28
ROXANA,10.25,-83.72,2022,11,28.72,22.04,19.66,92.4,12.68
ROXANA,10.25,-83.72,2022,12,27.84,21.0,4.11,89.38,15.74
ROXANA,10.25,-83.72,2023,1,27.34,20.86,3.18,88.98,15.61
ROXANA,10.25,-83.72,2023,2,28.19,20.19,3.71,85.27,18.16
ROXANA,10.25,-83.72,2023,3,29.3,21.06,5.77,85.17,18.21
ROXANA,10.25,-83.72,2023,4,32.32,20.87,3.03,79.79,20.88
ROXANA,10.25,-83.72,2023,5,32.3,22.71,8.85,82.11,19.06
ROXANA,10.25,-83.72,2023,6,30.98,22.22,12.78,90.46,17.01
ROXANA,10.25,-83.72,2023,7,29.57,22.34,9.8,92.48,13.43
ROXANA,10.25,-83.72,2023,8,30.79,22.82,8.48,90.75,15.41
ROXANA,10.25,-83.72,2023,9,30.0,22.23,5.71,89.07,17.26
ROXANA,10.25,-83.72,2023,10,29.53,22.85,14.64,91.28,15.53
ROXANA,10.25,-83.72,2023,11,29.68,22.24,11.77,92.67,12.8
ROXANA,10.25,-83.72,2023,12,28.78,21.44,5.88,90.57,13.49
ROXANA,10.25,-83.72,2024,1,28.84,21.5,1.41,88.56,15.57
ROXANA,10.25,-83.72,2024,2,32.02,19.03,5.05,85.16,16.05
ROXANA,10.25,-83.72,2024,3,34.34,21.04,2.21,80.07,19.6
ROXANA,10.25,-83.72,2024,4,33.14,21.79,5.63,81.09,19.7
ROXANA,10.25,-83.72,2024,5,33.08,22.43,34.28,85.94,18.2
ROXANA,10.25,-83.72,2024,6,29.96,23.62,31.16,91.93,16.75
ROXANA,10.25,-83.72,2024,7,29.04,22.79,21.94,93.06,12.37
ROXANA,10.25,-83.72,2024,8,29.72,22.51,7.63,90.3,15.3
ROXANA,10.25,-83.72,2024,9,29.9,22.54,14.38,90.86,15.87
ROXANA,10.25,-83.72,2024,10,29.41,22.81,13.39,91.84,15.44
ROXANA,10.25,-83.72,2024,11,28.65,21.1,37.9,93.29,13.24
ROXANA,10.25,-83.72,2024,12,28.53,21.68,9.82,92.31,11.09
ROXANA,10.25,-83.72,2025,1,27.99,20.68,4.96,90.69,14.05
ROXANA,10.25,-83.72,2025,2,28.41,21.4,2.7,87.85,16.71
ROXANA,10.25,-83.72,2025,3,30.61,21.76,2.03,81.86,19.71
ROXANA,10.25,-83.72,2025,4,30.8,22.01,12.01,86.63,16.22
ROXANA,10.25,-83.72,2025,5,29.53,23.42,12.24,91.71,15.52
ROXANA,10.25,-83.72,2025,6,28.78,22.79,16.79,92.78,13.04
ROXANA,10.25,-83.72,2025,7,28.73,23.03,13.49,92.22,12.17
ROXANA,10.25,-83.72,2025,8,28.91,21.84,6.11,91.02,16.49
ROXANA,10.25,-83.72,2025,9,29.18,23.04,12.5,91.11,15.65
ROXANA,10.25,-83.72,2025,10,28.61,22.22,14.07,91.82,14.37
ROXANA,10.25,-83.72,2025,11,28.95,20.98,8.17,92.28,11.78
GUAPILES,10.2,-83.79,2019,1,25.95,15.13,0.73,87.04,16.72
GUAPILES,10.2,-83.79,2019,2,28.68,14.89,1.52,80.66,18.62
GUAPILES,10.2,-83.79,2019,3,27.81,15.39,4.71,83.69,18.13
GUAPILES,10.2,-83.79,2019,4,29.62,16.25,4.75,82.1,18.83
GUAPILES,10.2,-83.79,2019,5,27.74,17.6,13.5,91.47,15.38
GUAPILES,10.2,-83.79,2019,6,26.28,16.99,8.53,91.58,15.27
GUAPILES,10.2,-83.79,2019,7,26.21,16.24,6.26,91.08,14.8
GUAPILES,10.2,-83.79,2019,8,26.22,16.71,8.3,91.24,13.95
GUAPILES,10.2,-83.79,2019,9,26.44,14.89,9.8,91.37,16.4
GUAPILES,10.2,-83.79,2019,10,25.66,16.04,12.51,93.36,16.12
GUAPILES,10.2,-83.79,2019,11,25.17,14.19,9.94,91.56,12.58
GUAPILES,10.2,-83.79,2019,12,24.73,15.99,6.34,91.88,11.78
GUAPILES,10.2,-83.79,2020,1,24.93,16.08,4.42,90.99,14.61
GUAPILES,10.2,-83.79,2020,2,25.54,13.96,2.55,89.05,17.4
GUAPILES,10.2,-83.79,2020,3,27.16,15.73,0.82,83.52,20.65
GUAPILES,10.2,-83.79,2020,4,28.54,15.52,6.57,83.35,19.32
GUAPILES,10.2,-83.79,2020,5,28.0,17.21,7.76,88.7,16.32
GUAPILES,10.2,-83.79,2020,6,26.39,15.56,13.64,91.46,14.93
GUAPILES,10.2,-83.79,2020,7,25.75,14.07,6.98,90.94,15.92
GUAPILES,10.2,-83.79,2020,8,27.24,14.97,7.83,90.98,16.25
GUAPILES,10.2,-83.79,2020,9,26.1,14.82,8.88,89.58,18.32
GUAPILES,10.2,-83.79,2020,10,25.92,16.48,13.55,92.39,16.07
GUAPILES,10.2,-83.79,2020,11,26.19,16.56,16.18,92.52,14.22
GUAPILES,10.2,-83.79,2020,12,24.26,13.57,10.77,91.87,14.17
GUAPILES,10.2,-83.79,2021,1,24.24,13.59,3.27,90.49,15.37
GUAPILES,10.2,-83.79,2021,2,25.43,15.41,1.53,87.9,17.87
GUAPILES,10.2,-83.79,2021,3,26.89,13.38,5.2,85.54,19.21
GUAPILES,10.2,-83.79,2021,4,26.94,15.34,9.74,88.86,17.0
GUAPILES,10.2,-83.79,2021,5,27.07,15.95,10.32,91.07,15.04
GUAPILES,10.2,-83.79,2021,6,25.98,15.07,9.86,90.93,17.1
GUAPILES,10.2,-83.79,2021,7,25.91,16.23,9.89,91.44,13.98
GUAPILES,10.2,-83.79,2021,8,25.09,15.62,12.41,91.23,15.43
GUAPILES,10.2,-83.79,2021,9,26.4,16.71,7.95,90.36,16.74
GUAPILES,10.2,-83.79,2021,10,26.15,16.38,7.6,90.83,16.7
GUAPILES,10.2,-83.79,2021,11,25.94,14.78,4.09,90.33,13.3
GUAPILES,10.2,-83.79,2021,12,24.62,16.47,4.18,91.61,14.23
GUAPILES,10.2,-83.79,2022,1,24.56,15.2,1.4,87.92,17.15
GUAPILES,10.2,-83.79,2022,2,24.92,12.54,1.65,84.07,18.54
GUAPILES,10.2,-83.79,2022,3,27.35,14.26,7.19,84.93,19.12
GUAPILES,10.2,-83.79,2022,4,27.35,15.8,8.26,87.36,17.57
GUAPILES,10.2,-83.79,2022,5,27.06,16.22,8.59,90.6,16.56
GUAPILES,10.2,-83.79,2022,6,26.71,15.3,15.96,92.94,16.28
GUAPILES,10.2,-83.79,2022,7,25.66,16.29,7.43,92.15,14.28
GUAPILES,10.2,-83.79,2022,8,26.22,15.27,6.15,89.93,16.29
GUAPILES,10.2,-83.79,2022,9,26.33,16.89,10.84,91.01,17.45
GUAPILES,10.2,-83.79,2022,10,25.53,16.11,9.1,91.46,16.28
GUAPILES,10.2,-83.79,2022,11,25.67,15.34,11.4,92.97,12.68
GUAPILES,10.2,-83.79,2022,12,24.12,15.47,3.39,90.88,15.74
GUAPILES,10.2,-83.79,2023,1,23.81,14.71,2.61,90.2,15.61
GUAPILES,10.2,-83.79,2023,2,25.5,13.53,3.12,88.15,18.16
GUAPILES,10.2,-83.79,2023,3,26.88,15.29,4.89,87.55,18.21
GUAPILES,10.2,-83.79,2023,4,29.09,14.76,3.41,83.38,20.88
GUAPILES,10.2,-83.79,2023,5,28.39,16.99,7.45,85.51,19.06
GUAPILES,10.2,-83.79,2023,6,27.36,15.81,9.71,90.52,17.01
GUAPILES,10.2,-83.79,2023,7,26.35,16.89,9.46,91.8,13.43
GUAPILES,10.2,-83.79,2023,8,27.28,17.24,7.49,90.84,15.41
GUAPILES,10.2,-83.79,2023,9,26.95,15.9,5.91,88.68,17.26
GUAPILES,10.2,-83.79,2023,10,26.68,17.48,12.31,92.57,15.53
GUAPILES,10.2,-83.79,2023,11,26.1,16.67,9.81,93.77,12.8
GUAPILES,10.2,-83.79,2023,12,25.7,16.68,4.84,91.62,13.49
GUAPILES,10.2,-83.79,2024,1,25.79,15.93,1.09,89.62,15.57
GUAPILES,10.2,-83.79,2024,2,26.77,13.93,4.05,87.47,16.05
GUAPILES,10.2,-83.79,2024,3,30.59,14.21,2.08,81.79,19.6
GUAPILES,10.2,-83.79,2024,4,29.97,14.95,5.72,83.24,19.7
GUAPILES,10.2,-83.79,2024,5,29.0,16.76,25.32,87.56,18.2
GUAPILES,10.2,-83.79,2024,6,26.71,17.71,25.62,92.91,16.75
GUAPILES,10.2,-83.79,2024,7,26.2,16.85,17.4,93.1,12.37
GUAPILES,10.2,-83.79,2024,8,26.39,17.28,6.5,90.32,15.3
GUAPILES,10.2,-83.79,2024,9,27.05,17.87,13.11,91.03,15.87
GUAPILES,10.2,-83.79,2024,10,26.76,17.47,12.39,93.06,15.44
GUAPILES,10.2,-83.79,2024,11,25.46,16.24,25.99,94.04,13.24
GUAPILES,10.2,-83.79,2024,12,24.69,16.22,7.89,93.15,11.09
GUAPILES,10.2,-83.79,2025,1,24.42,14.9,3.95,91.29,14.05
GUAPILES,10.2,-83.79,2025,2,26.03,15.61,2.06,88.61,16.71
GUAPILES,10.2,-83.79,2025,3,27.44,15.96,2.53,84.79,19.71
GUAPILES,10.2,-83.79,2025,4,27.01,16.5,11.42,87.64,16.22
GUAPILES,10.2,-83.79,2025,5,26.25,16.62,11.77,92.25,15.52
GUAPILES,10.2,-83.79,2025,6,26.53,17.15,16.01,92.72,13.04
GUAPILES,10.2,-83.79,2025,7,25.72,17.18,7.78,91.78,12.17
GUAPILES,10.2,-83.79,2025,8,25.95,15.8,5.06,90.16,16.49
GUAPILES,10.2,-83.79,2025,9,26.64,16.58,10.95,90.97,15.65
GUAPILES,10.2,-83.79,2025,10,25.65,16.93,12.1,92.24,14.37
GUAPILES,10.2,-83.79,2025,11,26.15,14.71,6.93,92.71,11.78
GUACIMO,10.21,-83.67,2019,1,25.95,15.13,0.73,87.04,16.72
GUACIMO,10.21,-83.67,2019,2,28.68,14.89,1.52,80.66,18.62
GUACIMO,10.21,-83.67,2019,3,27.81,15.39,4.71,83.69,18.13
GUACIMO,10.21,-83.67,2019,4,29.62,16.25,4.75,82.1,18.83
GUACIMO,10.21,-83.67,2019,5,27.74,17.6,13.5,91.47,15.38
GUACIMO,10.21,-83.67,2019,6,26.28,16.99,8.53,91.58,15.27
GUACIMO,10.21,-83.67,2019,7,26.21,16.24,6.26,91.08,14.8
GUACIMO,10.21,-83.67,2019,8,26.22,16.71,8.3,91.24,13.95
GUACIMO,10.21,-83.67,2019,9,26.44,14.89,9.8,91.37,16.4
GUACIMO,10.21,-83.67,2019,10,25.66,16.04,12.51,93.36,16.12
GUACIMO,10.21,-83.67,2019,11,25.17,14.19,9.94,91.56,12.58
GUACIMO,10.21,-83.67,2019,12,24.73,15.99,6.34,91.88,11.78
GUACIMO,10.21,-83.67,2020,1,24.93,16.08,4.42,90.99,14.61
GUACIMO,10.21,-83.67,2020,2,25.54,13.96,2.55,89.05,17.4
GUACIMO,10.21,-83.67,2020,3,27.16,15.73,0.82,83.52,20.65
GUACIMO,10.21,-83.67,2020,4,28.54,15.52,6.57,83.35,19.32
GUACIMO,10.21,-83.67,2020,5,28.0,17.21,7.76,88.7,16.32
GUACIMO,10.21,-83.67,2020,6,26.39,15.56,13.64,91.46,14.93
GUACIMO,10.21,-83.67,2020,7,25.75,14.07,6.98,90.94,15.92
GUACIMO,10.21,-83.67,2020,8,27.24,14.97,7.83,90.98,16.25
GUACIMO,10.21,-83.67,2020,9,26.1,14.82,8.88,89.58,18.32
GUACIMO,10.21,-83.67,2020,10,25.92,16.48,13.55,92.39,16.07
GUACIMO,10.21,-83.67,2020,11,26.19,16.56,16.18,92.52,14.22
GUACIMO,10.21,-83.67,2020,12,24.26,13.57,10.77,91.87,14.17
GUACIMO,10.21,-83.67,2021,1,24.24,13.59,3.27,90.49,15.37
GUACIMO,10.21,-83.67,2021,2,25.43,15.41,1.53,87.9,17.87
GUACIMO,10.21,-83.67,2021,3,26.89,13.38,5.2,85.54,19.21
GUACIMO,10.21,-83.67,2021,4,26.94,15.34,9.74,88.86,17.0
GUACIMO,10.21,-83.67,2021,5,27.07,15.95,10.32,91.07,15.04
GUACIMO,10.21,-83.67,2021,6,25.98,15.07,9.86,90.93,17.1
GUACIMO,10.21,-83.67,2021,7,25.91,16.23,9.89,91.44,13.98
GUACIMO,10.21,-83.67,2021,8,25.09,15.62,12.41,91.23,15.43
GUACIMO,10.21,-83.67,2021,9,26.4,16.71,7.95,90.36,16.74
GUACIMO,10.21,-83.67,2021,10,26.15,16.38,7.6,90.83,16.7
GUACIMO,10.21,-83.67,2021,11,25.94,14.78,4.09,90.33,13.3
GUACIMO,10.21,-83.67,2021,12,24.62,16.47,4.18,91.61,14.23
GUACIMO,10.21,-83.67,2022,1,24.56,15.2,1.4,87.92,17.15
GUACIMO,10.21,-83.67,2022,2,24.92,12.54,1.65,84.07,18.54
GUACIMO,10.21,-83.67,2022,3,27.35,14.26,7.19,84.93,19.12
GUACIMO,10.21,-83.67,2022,4,27.35,15.8,8.26,87.36,17.57
GUACIMO,10.21,-83.67,2022,5,27.06,16.22,8.59,90.6,16.56
GUACIMO,10.21,-83.67,2022,6,26.71,15.3,15.96,92.94,16.28
GUACIMO,10.21,-83.67,2022,7,25.66,16.29,7.43,92.15,14.28
GUACIMO,10.21,-83.67,2022,8,26.22,15.27,6.15,89.93,16.29
GUACIMO,10.21,-83.67,2022,9,26.33,16.89,10.84,91.01,17.45
GUACIMO,10.21,-83.67,2022,10,25.53,16.11,9.1,91.46,16.28
GUACIMO,10.21,-83.67,2022,11,25.67,15.34,11.4,92.97,12.68
GUACIMO,10.21,-83.67,2022,12,24.12,15.47,3.39,90.88,15.74
GUACIMO,10.21,-83.67,2023,1,23.81,14.71,2.61,90.2,15.61
GUACIMO,10.21,-83.67,2023,2,25.5,13.53,3.12,88.15,18.16
GUACIMO,10.21,-83.67,2023,3,26.88,15.29,4.89,87.55,18.21
GUACIMO,10.21,-83.67,2023,4,29.09,14.76,3.41,83.38,20.88
GUACIMO,10.21,-83.67,2023,5,28.39,16.99,7.45,85.51,19.06
GUACIMO,10.21,-83.67,2023,6,27.36,15.81,9.71,90.52,17.01
GUACIMO,10.21,-83.67,2023,7,26.35,16.89,9.46,91.8,13.43
GUACIMO,10.21,-83.67,2023,8,27.28,17.24,7.49,90.84,15.41
GUACIMO,10.21,-83.67,2023,9,26.95,15.9,5.91,88.68,17.26
GUACIMO,10.21,-83.67,2023,10,26.68,17.48,12.31,92.57,15.53
GUACIMO,10.21,-83.67,2023,11,26.1,16.67,9.81,93.77,12.8
GUACIMO,10.21,-83.67,2023,12,25.7,16.68,4.84,91.62,13.49
GUACIMO,10.21,-83.67,2024,1,25.79,15.93,1.09,89.62,15.57
GUACIMO,10.21,-83.67,2024,2,26.77,13.93,4.05,87.47,16.05
GUACIMO,10.21,-83.67,2024,3,30.59,14.21,2.08,81.79,19.6
GUACIMO,10.21,-83.67,2024,4,29.97,14.95,5.72,83.24,19.7
GUACIMO,10.21,-83.67,2024,5,29.0,16.76,25.32,87.56,18.2
GUACIMO,10.21,-83.67,2024,6,26.71,17.71,25.62,92.91,16.75
GUACIMO,10.21,-83.67,2024,7,26.2,16.85,17.4,93.1,12.37
GUACIMO,10.21,-83.67,2024,8,26.39,17.28,6.5,90.32,15.3
GUACIMO,10.21,-83.67,2024,9,27.05,17.87,13.11,91.03,15.87
GUACIMO,10.21,-83.67,2024,10,26.76,17.47,12.39,93.06,15.44
GUACIMO,10.21,-83.67,2024,11,25.46,16.24,25.99,94.04,13.24
GUACIMO,10.21,-83.67,2024,12,24.69,16.22,7.89,93.15,11.09
GUACIMO,10.21,-83.67,2025,1,24.42,14.9,3.95,91.29,14.05
GUACIMO,10.21,-83.67,2025,2,26.03,15.61,2.06,88.61,16.71
GUACIMO,10.21,-83.67,2025,3,27.44,15.96,2.53,84.79,19.71
GUACIMO,10.21,-83.67,2025,4,27.01,16.5,11.42,87.64,16.22
GUACIMO,10.21,-83.67,2025,5,26.25,16.62,11.77,92.25,15.52
GUACIMO,10.21,-83.67,2025,6,26.53,17.15,16.01,92.72,13.04
GUACIMO,10.21,-83.67,2025,7,25.72,17.18,7.78,91.78,12.17
GUACIMO,10.21,-83.67,2025,8,25.95,15.8,5.06,90.16,16.49
GUACIMO,10.21,-83.67,2025,9,26.64,16.58,10.95,90.97,15.65
GUACIMO,10.21,-83.67,2025,10,25.65,16.93,12.1,92.24,14.37
GUACIMO,10.21,-83.67,2025,11,26.15,14.71,6.93,92.71,11.78
SIXAOLA,9.5,-82.85,2019,1,25.53,16.01,1.05,87.23,17.12
SIXAOLA,9.5,-82.85,2019,2,27.66,15.89,2.14,82.71,17.99
SIXAOLA,9.5,-82.85,2019,3,26.46,16.58,6.73,84.84,16.42
SIXAOLA,9.5,-82.85,2019,4,28.32,17.28,7.03,85.12,16.36
SIXAOLA,9.5,-82.85,2019,5,27.38,18.77,14.66,91.4,15.57
SIXAOLA,9.5,-82.85,2019,6,26.91,18.5,10.13,90.79,15.18
SIXAOLA,9.5,-82.85,2019,7,26.53,17.5,7.56,90.52,14.52
SIXAOLA,9.5,-82.85,2019,8,26.42,18.14,9.31,89.9,14.78
SIXAOLA,9.5,-82.85,2019,9,27.15,16.22,8.67,89.56,15.39
SIXAOLA,9.5,-82.85,2019,10,26.34,17.95,12.54,92.09,16.61
SIXAOLA,9.5,-82.85,2019,11,25.8,16.0,12.27,90.2,12.93
SIXAOLA,9.5,-82.85,2019,12,25.23,16.86,8.61,91.46,12.67
SIXAOLA,9.5,-82.85,2020,1,25.04,17.15,6.6,90.56,14.53
SIXAOLA,9.5,-82.85,2020,2,25.98,15.76,3.38,88.34,17.39
SIXAOLA,9.5,-82.85,2020,3,26.17,16.44,1.2,84.73,20.35
SIXAOLA,9.5,-82.85,2020,4,27.11,16.65,7.57,84.54,16.57
SIXAOLA,9.5,-82.85,2020,5,27.86,18.24,8.22,89.0,15.83
SIXAOLA,9.5,-82.85,2020,6,26.24,16.32,13.66,90.33,14.47
SIXAOLA,9.5,-82.85,2020,7,26.17,15.74,7.26,89.86,15.81
SIXAOLA,9.5,-82.85,2020,8,27.58,16.64,9.36,89.81,15.45
SIXAOLA,9.5,-82.85,2020,9,26.74,17.07,9.51,87.29,18.03
SIXAOLA,9.5,-82.85,2020,10,26.54,17.75,13.99,90.92,16.94
SIXAOLA,9.5,-82.85,2020,11,26.41,17.12,17.15,91.48,14.75
SIXAOLA,9.5,-82.85,2020,12,24.68,15.39,12.64,90.7,14.55
SIXAOLA,9.5,-82.85,2021,1,24.61,15.53,4.89,89.83,15.36
SIXAOLA,9.5,-82.85,2021,2,26.0,16.12,2.81,88.04,17.44
SIXAOLA,9.5,-82.85,2021,3,26.0,14.75,7.57,86.19,17.59
SIXAOLA,9.5,-82.85,2021,4,26.68,16.93,10.27,88.74,16.06
SIXAOLA,9.5,-82.85,2021,5,27.29,17.27,13.2,91.4,14.76
SIXAOLA,9.5,-82.85,2021,6,26.24,16.95,9.48,89.67,16.0
SIXAOLA,9.5,-82.85,2021,7,26.06,16.96,10.94,90.96,13.8
SIXAOLA,9.5,-82.85,2021,8,25.89,17.63,11.43,90.25,15.62
SIXAOLA,9.5,-82.85,2021,9,26.88,17.87,7.73,88.49,16.35
SIXAOLA,9.5,-82.85,2021,10,26.51,17.87,8.4,89.91,17.02
SIXAOLA,9.5,-82.85,2021,11,26.39,16.61,6.67,89.25,14.07
SIXAOLA,9.5,-82.85,2021,12,25.26,16.97,6.25,91.33,14.1
SIXAOLA,9.5,-82.85,2022,1,24.78,16.21,1.77,87.77,17.97
SIXAOLA,9.5,-82.85,2022,2,24.52,14.52,2.42,85.93,17.93
SIXAOLA,9.5,-82.85,2022,3,27.41,15.25,5.53,85.08,18.49
SIXAOLA,9.5,-82.85,2022,4,27.07,17.41,11.24,87.58,16.28
SIXAOLA,9.5,-82.85,2022,5,27.11,17.79,7.82,90.19,17.02
SIXAOLA,9.5,-82.85,2022,6,26.62,17.03,15.52,92.19,15.04
SIXAOLA,9.5,-82.85,2022,7,25.55,17.53,9.62,91.56,14.58
SIXAOLA,9.5,-82.85,2022,8,26.4,16.03,9.87,89.12,17.53
SIXAOLA,9.5,-82.85,2022,9,26.08,18.12,11.96,90.08,16.83
SIXAOLA,9.5,-82.85,2022,10,26.35,17.89,8.86,89.94,15.79
SIXAOLA,9.5,-82.85,2022,11,26.41,16.39,11.66,92.49,12.79
SIXAOLA,9.5,-82.85,2022,12,24.66,15.98,4.91,90.04,13.96
SIXAOLA,9.5,-82.85,2023,1,24.28,16.28,3.82,89.65,16.18
SIXAOLA,9.5,-82.85,2023,2,25.02,15.16,4.56,88.0,17.34
SIXAOLA,9.5,-82.85,2023,3,26.19,16.38,4.52,87.58,18.07
SIXAOLA,9.5,-82.85,2023,4,27.9,16.16,4.33,85.41,19.74
SIXAOLA,9.5,-82.85,2023,5,27.84,17.5,6.48,86.16,18.96
SIXAOLA,9.5,-82.85,2023,6,27.0,17.31,10.32,89.75,16.67
SIXAOLA,9.5,-82.85,2023,7,27.06,17.43,12.6,90.74,14.82
SIXAOLA,9.5,-82.85,2023,8,27.94,18.65,8.42,89.83,15.91
SIXAOLA,9.5,-82.85,2023,9,27.57,17.68,6.25,86.89,16.62
SIXAOLA,9.5,-82.85,2023,10,26.62,18.06,13.65,91.46,16.0
SIXAOLA,9.5,-82.85,2023,11,26.93,17.77,13.44,92.95,13.58
SIXAOLA,9.5,-82.85,2023,12,26.12,17.63,6.82,91.01,14.56
SIXAOLA,9.5,-82.85,2024,1,26.06,17.33,1.63,89.31,16.3
SIXAOLA,9.5,-82.85,2024,2,26.96,15.88,5.39,87.58,16.37
SIXAOLA,9.5,-82.85,2024,3,29.01,16.28,2.73,84.38,19.72
SIXAOLA,9.5,-82.85,2024,4,28.31,16.31,7.83,85.52,18.08
SIXAOLA,9.5,-82.85,2024,5,28.09,19.15,13.22,88.77,17.52
SIXAOLA,9.5,-82.85,2024,6,27.3,18.8,26.84,91.79,16.05
SIXAOLA,9.5,-82.85,2024,7,26.72,18.23,15.94,91.98,13.74
SIXAOLA,9.5,-82.85,2024,8,26.95,18.49,7.38,88.59,15.77
SIXAOLA,9.5,-82.85,2024,9,27.68,19.28,12.35,89.07,15.22
SIXAOLA,9.5,-82.85,2024,10,27.32,18.07,12.87,91.94,15.78
SIXAOLA,9.5,-82.85,2024,11,25.75,17.89,28.57,92.66,15.1
SIXAOLA,9.5,-82.85,2024,12,25.24,16.99,11.1,92.4,12.03
SIXAOLA,9.5,-82.85,2025,1,24.99,16.64,5.63,90.75,14.19
SIXAOLA,9.5,-82.85,2025,2,26.42,17.27,3.5,88.59,15.98
SIXAOLA,9.5,-82.85,2025,3,26.8,16.92,3.96,86.01,18.66
SIXAOLA,9.5,-82.85,2025,4,27.02,17.45,9.74,87.91,14.83
SIXAOLA,9.5,-82.85,2025,5,26.96,17.13,11.47,91.85,15.55
SIXAOLA,9.5,-82.85,2025,6,27.29,18.37,13.22,91.69,14.14
SIXAOLA,9.5,-82.85,2025,7,25.98,18.11,8.34,90.79,13.54
SIXAOLA,9.5,-82.85,2025,8,26.5,16.78,5.53,89.16,16.48
SIXAOLA,9.5,-82.85,2025,9,27.4,17.9,8.54,89.52,15.13
SIXAOLA,9.5,-82.85,2025,10,25.78,17.79,10.79,91.11,15.04
SIXAOLA,9.5,-82.85,2025,11,26.0,15.98,9.0,92.01,12.07
TALAMANCA,9.58,-82.95,2019,1,25.53,16.01,1.05,87.23,17.12
TALAMANCA,9.58,-82.95,2019,2,27.66,15.89,2.14,82.71,17.99
TALAMANCA,9.58,-82.95,2019,3,26.46,16.58,6.73,84.84,16.42
TALAMANCA,9.58,-82.95,2019,4,28.32,17.28,7.03,85.12,16.36
TALAMANCA,9.58,-82.95,2019,5,27.38,18.77,14.66,91.4,15.57
TALAMANCA,9.58,-82.95,2019,6,26.91,18.5,10.13,90.79,15.18
TALAMANCA,9.58,-82.95,2019,7,26.53,17.5,7.56,90.52,14.52
TALAMANCA,9.58,-82.95,2019,8,26.42,18.14,9.31,89.9,14.78
TALAMANCA,9.58,-82.95,2019,9,27.15,16.22,8.67,89.56,15.39
TALAMANCA,9.58,-82.95,2019,10,26.34,17.95,12.54,92.09,16.61
TALAMANCA,9.58,-82.95,2019,11,25.8,16.0,12.27,90.2,12.93
TALAMANCA,9.58,-82.95,2019,12,25.23,16.86,8.61,91.46,12.67
TALAMANCA,9.58,-82.95,2020,1,25.04,17.15,6.6,90.56,14.53
TALAMANCA,9.58,-82.95,2020,2,25.98,15.76,3.38,88.34,17.39
TALAMANCA,9.58,-82.95,2020,3,26.17,16.44,1.2,84.73,20.35
TALAMANCA,9.58,-82.95,2020,4,27.11,16.65,7.57,84.54,16.57
TALAMANCA,9.58,-82.95,2020,5,27.86,18.24,8.22,89.0,15.83
TALAMANCA,9.58,-82.95,2020,6,26.24,16.32,13.66,90.33,14.47
TALAMANCA,9.58,-82.95,2020,7,26.17,15.74,7.26,89.86,15.81
TALAMANCA,9.58,-82.95,2020,8,27.58,16.64,9.36,89.81,15.45
TALAMANCA,9.58,-82.95,2020,9,26.74,17.07,9.51,87.29,18.03
TALAMANCA,9.58,-82.95,2020,10,26.54,17.75,13.99,90.92,16.94
TALAMANCA,9.58,-82.95,2020,11,26.41,17.12,17.15,91.48,14.75
TALAMANCA,9.58,-82.95,2020,12,24.68,15.39,12.64,90.7,14.55
TALAMANCA,9.58,-82.95,2021,1,24.61,15.53,4.89,89.83,15.36
TALAMANCA,9.58,-82.95,2021,2,26.0,16.12,2.81,88.04,17.44
TALAMANCA,9.58,-82.95,2021,3,26.0,14.75,7.57,86.19,17.59
TALAMANCA,9.58,-82.95,2021,4,26.68,16.93,10.27,88.74,16.06
TALAMANCA,9.58,-82.95,2021,5,27.29,17.27,13.2,91.4,14.76
TALAMANCA,9.58,-82.95,2021,6,26.24,16.95,9.48,89.67,16.0
TALAMANCA,9.58,-82.95,2021,7,26.06,16.96,10.94,90.96,13.8
TALAMANCA,9.58,-82.95,2021,8,25.89,17.63,11.43,90.25,15.62
TALAMANCA,9.58,-82.95,2021,9,26.88,17.87,7.73,88.49,16.35
TALAMANCA,9.58,-82.95,2021,10,26.51,17.87,8.4,89.91,17.02
TALAMANCA,9.58,-82.95,2021,11,26.39,16.61,6.67,89.25,14.07
TALAMANCA,9.58,-82.95,2021,12,25.26,16.97,6.25,91.33,14.1
TALAMANCA,9.58,-82.95,2022,1,24.78,16.21,1.77,87.77,17.97
TALAMANCA,9.58,-82.95,2022,2,24.52,14.52,2.42,85.93,17.93
TALAMANCA,9.58,-82.95,2022,3,27.41,15.25,5.53,85.08,18.49
TALAMANCA,9.58,-82.95,2022,4,27.07,17.41,11.24,87.58,16.28
TALAMANCA,9.58,-82.95,2022,5,27.11,17.79,7.82,90.19,17.02
TALAMANCA,9.58,-82.95,2022,6,26.62,17.03,15.52,92.19,15.04
TALAMANCA,9.58,-82.95,2022,7,25.55,17.53,9.62,91.56,14.58
TALAMANCA,9.58,-82.95,2022,8,26.4,16.03,9.87,89.12,17.53
TALAMANCA,9.58,-82.95,2022,9,26.08,18.12,11.96,90.08,16.83
TALAMANCA,9.58,-82.95,2022,10,26.35,17.89,8.86,89.94,15.79
TALAMANCA,9.58,-82.95,2022,11,26.41,16.39,11.66,92.49,12.79
TALAMANCA,9.58,-82.95,2022,12,24.66,15.98,4.91,90.04,13.96
TALAMANCA,9.58,-82.95,2023,1,24.28,16.28,3.82,89.65,16.18
TALAMANCA,9.58,-82.95,2023,2,25.02,15.16,4.56,88.0,17.34
TALAMANCA,9.58,-82.95,2023,3,26.19,16.38,4.52,87.58,18.07
TALAMANCA,9.58,-82.95,2023,4,27.9,16.16,4.33,85.41,19.74
TALAMANCA,9.58,-82.95,2023,5,27.84,17.5,6.48,86.16,18.96
TALAMANCA,9.58,-82.95,2023,6,27.0,17.31,10.32,89.75,16.67
TALAMANCA,9.58,-82.95,2023,7,27.06,17.43,12.6,90.74,14.82
TALAMANCA,9.58,-82.95,2023,8,27.94,18.65,8.42,89.83,15.91
TALAMANCA,9.58,-82.95,2023,9,27.57,17.68,6.25,86.89,16.62
TALAMANCA,9.58,-82.95,2023,10,26.62,18.06,13.65,91.46,16.0
TALAMANCA,9.58,-82.95,2023,11,26.93,17.77,13.44,92.95,13.58
TALAMANCA,9.58,-82.95,2023,12,26.12,17.63,6.82,91.01,14.56
TALAMANCA,9.58,-82.95,2024,1,26.06,17.33,1.63,89.31,16.3
TALAMANCA,9.58,-82.95,2024,2,26.96,15.88,5.39,87.58,16.37
TALAMANCA,9.58,-82.95,2024,3,29.01,16.28,2.73,84.38,19.72
TALAMANCA,9.58,-82.95,2024,4,28.31,16.31,7.83,85.52,18.08
TALAMANCA,9.58,-82.95,2024,5,28.09,19.15,13.22,88.77,17.52
TALAMANCA,9.58,-82.95,2024,6,27.3,18.8,26.84,91.79,16.05
TALAMANCA,9.58,-82.95,2024,7,26.72,18.23,15.94,91.98,13.74
TALAMANCA,9.58,-82.95,2024,8,26.95,18.49,7.38,88.59,15.77
TALAMANCA,9.58,-82.95,2024,9,27.68,19.28,12.35,89.07,15.22
TALAMANCA,9.58,-82.95,2024,10,27.32,18.07,12.87,91.94,15.78
TALAMANCA,9.58,-82.95,2024,11,25.75,17.89,28.57,92.66,15.1
TALAMANCA,9.58,-82.95,2024,12,25.24,16.99,11.1,92.4,12.03
TALAMANCA,9.58,-82.95,2025,1,24.99,16.64,5.63,90.75,14.19
TALAMANCA,9.58,-82.95,2025,2,26.42,17.27,3.5,88.59,15.98
TALAMANCA,9.58,-82.95,2025,3,26.8,16.92,3.96,86.01,18.66
TALAMANCA,9.58,-82.95,2025,4,27.02,17.45,9.74,87.91,14.83
TALAMANCA,9.58,-82.95,2025,5,26.96,17.13,11.47,91.85,15.55
TALAMANCA,9.58,-82.95,2025,6,27.29,18.37,13.22,91.69,14.14
TALAMANCA,9.58,-82.95,2025,7,25.98,18.11,8.34,90.79,13.54
TALAMANCA,9.58,-82.95,2025,8,26.5,16.78,5.53,89.16,16.48
TALAMANCA,9.58,-82.95,2025,9,27.4,17.9,8.54,89.52,15.13
TALAMANCA,9.58,-82.95,2025,10,25.78,17.79,10.79,91.11,15.04
TALAMANCA,9.58,-82.95,2025,11,26.0,15.98,9.0,92.01,12.07
SARAPIQUI,10.4,-83.8,2019,1,29.27,20.37,0.87,83.81,16.72
SARAPIQUI,10.4,-83.8,2019,2,31.46,20.56,1.75,77.55,18.62
SARAPIQUI,10.4,-83.8,2019,3,30.11,20.51,5.55,81.72,18.13
SARAPIQUI,10.4,-83.8,2019,4,32.01,21.53,4.83,80.63,18.83
SARAPIQUI,10.4,-83.8,2019,5,30.24,22.72,15.91,91.33,15.38
SARAPIQUI,10.4,-83.8,2019,6,29.14,22.99,9.29,91.95,15.27
SARAPIQUI,10.4,-83.8,2019,7,28.94,22.73,7.68,91.38,14.8
SARAPIQUI,10.4,-83.8,2019,8,29.16,21.3,8.81,91.7,13.95
SARAPIQUI,10.4,-83.8,2019,9,29.27,21.3,11.35,90.8,16.4
SARAPIQUI,10.4,-83.8,2019,10,28.66,21.53,15.54,91.27,16.12
SARAPIQUI,10.4,-83.8,2019,11,28.44,21.26,11.32,91.2,12.58
SARAPIQUI,10.4,-83.8,2019,12,28.17,21.93,8.15,91.22,11.78
SARAPIQUI,10.4,-83.8,2020,1,27.53,20.87,5.33,89.76,14.61
SARAPIQUI,10.4,-83.8,2020,2,29.14,20.73,3.22,88.09,17.4
SARAPIQUI,10.4,-83.8,2020,3,30.4,21.42,0.88,80.01,20.65
SARAPIQUI,10.4,-83.8,2020,4,31.13,20.9,6.5,81.06,19.32
SARAPIQUI,10.4,-83.8,2020,5,30.67,22.77,8.9,87.5,16.32
SARAPIQUI,10.4,-83.8,2020,6,28.87,21.66,16.9,91.39,14.93
SARAPIQUI,10.4,-83.8,2020,7,28.8,19.62,8.89,90.55,15.92
SARAPIQUI,10.4,-83.8,2020,8,29.5,22.03,10.56,91.19,16.25
SARAPIQUI,10.4,-83.8,2020,9,28.88,19.75,11.54,89.08,18.32
SARAPIQUI,10.4,-83.8,2020,10,28.7,21.66,19.89,91.39,16.07
SARAPIQUI,10.4,-83.8,2020,11,29.36,21.77,27.23,91.81,14.22
SARAPIQUI,10.4,-83.8,2020,12,27.77,20.77,12.35,90.98,14.17
SARAPIQUI,10.4,-83.8,2021,1,27.21,20.64,4.34,89.47,15.37
SARAPIQUI,10.4,-83.8,2021,2,28.15,20.78,2.02,86.52,17.87
SARAPIQUI,10.4,-83.8,2021,3,29.83,19.29,6.48,83.13,19.21
SARAPIQUI,10.4,-83.8,2021,4,29.67,21.59,12.37,88.35,17.0
SARAPIQUI,10.4,-83.8,2021,5,29.15,22.01,14.54,90.81,15.04
SARAPIQUI,10.4,-83.8,2021,6,28.9,21.92,16.44,91.19,17.1
SARAPIQUI,10.4,-83.8,2021,7,28.6,21.65,14.05,91.72,13.98
SARAPIQUI,10.4,-83.8,2021,8,29.0,21.54,17.36,90.63,15.43
SARAPIQUI,10.4,-83.8,2021,9,29.17,21.78,10.68,90.6,16.74
SARAPIQUI,10.4,-83.8,2021,10,29.12,21.64,9.12,89.85,16.7
SARAPIQUI,10.4,-83.8,2021,11,28.6,20.51,4.84,89.71,13.3
SARAPIQUI,10.4,-83.8,2021,12,27.77,21.5,5.41,91.13,14.23
SARAPIQUI,10.4,-83.8,2022,1,27.71,20.0,2.27,86.54,17.15
SARAPIQUI,10.4,-83.8,2022,2,28.94,19.1,2.09,81.14,18.54
SARAPIQUI,10.4,-83.8,2022,3,30.15,20.93,8.67,84.57,19.12
SARAPIQUI,10.4,-83.8,2022,4,30.21,20.86,10.04,87.09,17.57
SARAPIQUI,10.4,-83.8,2022,5,29.36,21.76,11.31,91.26,16.56
SARAPIQUI,10.4,-83.8,2022,6,29.48,21.17,24.5,92.36,16.28
SARAPIQUI,10.4,-83.8,2022,7,28.47,22.38,10.44,92.28,14.28
SARAPIQUI,10.4,-83.8,2022,8,29.12,21.1,7.78,89.77,16.29
SARAPIQUI,10.4,-83.8,2022,9,29.02,21.92,13.07,90.47,17.45
SARAPIQUI,10.4,-83.8,2022,10,28.9,22.0,9.17,90.34,16.28
SARAPIQUI,10.4,-83.8,2022,11,28.72,22.04,19.66,92.4,12.68
SARAPIQUI,10.4,-83.8,2022,12,27.84,21.0,4.11,89.38,15.74
SARAPIQUI,10.4,-83.8,2023,1,27.34,20.86,3.18,88.98,15.61
SARAPIQUI,10.4,-83.8,2023,2,28.19,20.19,3.71,85.27,18.16
SARAPIQUI,10.4,-83.8,2023,3,29.3,21.06,5.77,85.17,18.21
SARAPIQUI,10.4,-83.8,2023,4,32.32,20.87,3.03,79.79,20.88
SARAPIQUI,10.4,-83.8,2023,5,32.3,22.71,8.85,82.11,19.06
SARAPIQUI,10.4,-83.8,2023,6,30.98,22.22,12.78,90.46,17.01
SARAPIQUI,10.4,-83.8,2023,7,29.57,22.34,9.8,92.48,13.43
SARAPIQUI,10.4,-83.8,2023,8,30.79,22.82,8.48,90.75,15.41
SARAPIQUI,10.4,-83.8,2023,9,30.0,22.23,5.71,89.07,17.26
SARAPIQUI,10.4,-83.8,2023,10,29.53,22.85,14.64,91.28,15.53
SARAPIQUI,10.4,-83.8,2023,11,29.68,22.24,11.77,92.67,12.8
SARAPIQUI,10.4,-83.8,2023,12,28.78,21.44,5.88,90.57,13.49
SARAPIQUI,10.4,-83.8,2024,1,28.84,21.5,1.41,88.56,15.57
SARAPIQUI,10.4,-83.8,2024,2,32.02,19.03,5.05,85.16,16.05
SARAPIQUI,10.4,-83.8,2024,3,34.34,21.04,2.21,80.07,19.6
SARAPIQUI,10.4,-83.8,2024,4,33.14,21.79,5.63,81.09,19.7
SARAPIQUI,10.4,-83.8,2024,5,33.08,22.43,34.28,85.94,18.2
SARAPIQUI,10.4,-83.8,2024,6,29.96,23.62,31.16,91.93,16.75
SARAPIQUI,10.4,-83.8,2024,7,29.04,22.79,21.94,93.06,12.37
SARAPIQUI,10.4,-83.8,2024,8,29.72,22.51,7.63,90.3,15.3
SARAPIQUI,10.4,-83.8,2024,9,29.9,22.54,14.38,90.86,15.87
SARAPIQUI,10.4,-83.8,2024,10,29.41,22.81,13.39,91.84,15.44
SARAPIQUI,10.4,-83.8,2024,11,28.65,21.1,37.9,93.29,13.24
SARAPIQUI,10.4,-83.8,2024,12,28.53,21.68,9.82,92.31,11.09
SARAPIQUI,10.4,-83.8,2025,1,27.99,20.68,4.96,90.69,14.05
SARAPIQUI,10.4,-83.8,2025,2,28.41,21.4,2.7,87.85,16.71
SARAPIQUI,10.4,-83.8,2025,3,30.61,21.76,2.03,81.86,19.71
SARAPIQUI,10.4,-83.8,2025,4,30.8,22.01,12.01,86.63,16.22
SARAPIQUI,10.4,-83.8,2025,5,29.53,23.42,12.24,91.71,15.52
SARAPIQUI,10.4,-83.8,2025,6,28.78,22.79,16.79,92.78,13.04
SARAPIQUI,10.4,-83.8,2025,7,28.73,23.03,13.49,92.22,12.17
SARAPIQUI,10.4,-83.8,2025,8,28.91,21.84,6.11,91.02,16.49
SARAPIQUI,10.4,-83.8,2025,9,29.18,23.04,12.5,91.11,15.65
SARAPIQUI,10.4,-83.8,2025,10,28.61,22.22,14.07,91.82,14.37
SARAPIQUI,10.4,-83.8,2025,11,28.95,20.98,8.17,92.28,11.78
BARRA DEL COLORADO,10.76,-83.58,2019,1,29.59,22.64,0.77,79.08,16.72
BARRA DEL COLORADO,10.76,-83.58,2019,2,30.85,23.07,1.43,75.02,18.62
BARRA DEL COLORADO,10.76,-83.58,2019,3,30.25,22.49,4.27,77.6,18.13
BARRA DEL COLORADO,10.76,-83.58,2019,4,31.78,23.61,3.65,77.06,18.83
BARRA DEL COLORADO,10.76,-83.58,2019,5,30.47,24.59,16.09,89.65,15.38
BARRA DEL COLORADO,10.76,-83.58,2019,6,29.87,25.31,9.29,90.71,15.27
BARRA DEL COLORADO,10.76,-83.58,2019,7,29.61,24.92,8.27,89.63,14.8
BARRA DEL COLORADO,10.76,-83.58,2019,8,29.75,24.5,8.83,90.55,13.95
BARRA DEL COLORADO,10.76,-83.58,2019,9,30.0,24.65,10.68,88.57,16.4
BARRA DEL COLORADO,10.76,-83.58,2019,10,29.74,24.33,15.23,88.27,16.12
BARRA DEL COLORADO,10.76,-83.58,2019,11,29.17,24.47,10.96,89.33,12.58
BARRA DEL COLORADO,10.76,-83.58,2019,12,28.9,23.77,7.39,88.63,11.78
BARRA DEL COLORADO,10.76,-83.58,2020,1,28.3,22.59,4.68,86.59,14.61
BARRA DEL COLORADO,10.76,-83.58,2020,2,29.49,22.99,2.67,83.29,17.4
BARRA DEL COLORADO,10.76,-83.58,2020,3,30.57,24.06,0.73,75.2,20.65
BARRA DEL COLORADO,10.76,-83.58,2020,4,31.31,23.34,5.14,77.76,19.32
BARRA DEL COLORADO,10.76,-83.58,2020,5,31.06,24.68,8.61,85.05,16.32
BARRA DEL COLORADO,10.76,-83.58,2020,6,29.58,24.18,17.46,89.99,14.93
BARRA DEL COLORADO,10.76,-83.58,2020,7,29.82,23.25,10.12,89.35,15.92
BARRA DEL COLORADO,10.76,-83.58,2020,8,29.83,23.26,11.11,89.82,16.25
BARRA DEL COLORADO,10.76,-83.58,2020,9,29.57,23.96,12.08,87.38,18.32
BARRA DEL COLORADO,10.76,-83.58,2020,10,29.44,23.92,22.64,89.03,16.07
BARRA DEL COLORADO,10.76,-83.58,2020,11,29.6,23.94,33.93,90.72,14.22
BARRA DEL COLORADO,10.76,-83.58,2020,12,28.75,23.28,10.46,88.36,14.17
BARRA DEL COLORADO,10.76,-83.58,2021,1,28.12,23.16,4.02,86.0,15.37
BARRA DEL COLORADO,10.76,-83.58,2021,2,29.0,21.99,1.65,81.6,17.87
BARRA DEL COLORADO,10.76,-83.58,2021,3,30.14,22.37,5.48,78.24,19.21
BARRA DEL COLORADO,10.76,-83.58,2021,4,29.89,23.97,12.39,85.53,17.0
BARRA DEL COLORADO,10.76,-83.58,2021,5,29.51,24.01,12.88,88.27,15.04
BARRA DEL COLORADO,10.76,-83.58,2021,6,29.37,24.09,17.11,89.47,17.1
BARRA DEL COLORADO,10.76,-83.58,2021,7,29.38,24.85,15.62,90.04,13.98
BARRA DEL COLORADO,10.76,-83.58,2021,8,29.55,24.3,19.6,88.93,15.43
BARRA DEL COLORADO,10.76,-83.58,2021,9,29.71,24.1,14.0,89.46,16.74
BARRA DEL COLORADO,10.76,-83.58,2021,10,29.79,24.19,10.34,87.98,16.7
BARRA DEL COLORADO,10.76,-83.58,2021,11,29.2,23.87,4.73,87.54,13.3
BARRA DEL COLORADO,10.76,-83.58,2021,12,28.62,22.84,5.03,88.43,14.23
BARRA DEL COLORADO,10.76,-83.58,2022,1,28.58,22.52,2.22,81.81,17.15
BARRA DEL COLORADO,10.76,-83.58,2022,2,29.75,22.36,1.79,76.52,18.54
BARRA DEL COLORADO,10.76,-83.58,2022,3,30.98,23.42,8.02,80.99,19.12
BARRA DEL COLORADO,10.76,-83.58,2022,4,30.68,23.68,8.29,83.21,17.57
BARRA DEL COLORADO,10.76,-83.58,2022,5,29.74,24.17,12.86,90.44,16.56
BARRA DEL COLORADO,10.76,-83.58,2022,6,30.26,24.08,24.1,90.54,16.28
BARRA DEL COLORADO,10.76,-83.58,2022,7,29.26,24.66,11.42,91.03,14.28
BARRA DEL COLORADO,10.76,-83.58,2022,8,29.68,23.36,8.76,88.59,16.29
BARRA DEL COLORADO,10.76,-83.58,2022,9,29.77,24.31,11.66,88.41,17.45
BARRA DEL COLORADO,10.76,-83.58,2022,10,29.68,23.94,8.91,88.45,16.28
BARRA DEL COLORADO,10.76,-83.58,2022,11,29.46,24.27,24.0,90.18,12.68
BARRA DEL COLORADO,10.76,-83.58,2022,12,28.44,23.27,3.53,85.5,15.74
BARRA DEL COLORADO,10.76,-83.58,2023,1,28.18,22.99,2.88,84.83,15.61
BARRA DEL COLORADO,10.76,-83.58,2023,2,29.07,23.35,3.0,79.11,18.16
BARRA DEL COLORADO,10.76,-83.58,2023,3,29.96,23.46,4.9,80.08,18.21
BARRA DEL COLORADO,10.76,-83.58,2023,4,32.71,23.33,2.04,75.44,20.88
BARRA DEL COLORADO,10.76,-83.58,2023,5,32.8,24.44,8.46,79.02,19.06
BARRA DEL COLORADO,10.76,-83.58,2023,6,31.44,24.55,12.27,88.88,17.01
BARRA DEL COLORADO,10.76,-83.58,2023,7,30.13,25.49,10.25,91.48,13.43
BARRA DEL COLORADO,10.76,-83.58,2023,8,31.2,24.71,9.14,89.4,15.41
BARRA DEL COLORADO,10.76,-83.58,2023,9,30.73,25.49,6.05,87.65,17.26
BARRA DEL COLORADO,10.76,-83.58,2023,10,30.49,24.71,15.06,88.55,15.53
BARRA DEL COLORADO,10.76,-83.58,2023,11,30.66,25.0,12.43,90.07,12.8
BARRA DEL COLORADO,10.76,-83.58,2023,12,29.82,22.83,5.23,87.7,13.49
BARRA DEL COLORADO,10.76,-83.58,2024,1,29.3,23.7,1.26,84.6,15.57
BARRA DEL COLORADO,10.76,-83.58,2024,2,32.62,21.55,3.93,79.89,16.05
BARRA DEL COLORADO,10.76,-83.58,2024,3,34.31,24.21,1.77,76.52,19.6
BARRA DEL COLORADO,10.76,-83.58,2024,4,33.31,24.86,4.62,78.22,19.7
BARRA DEL COLORADO,10.76,-83.58,2024,5,33.04,25.03,27.44,83.78,18.2
BARRA DEL COLORADO,10.76,-83.58,2024,6,30.45,25.23,28.81,89.68,16.75
BARRA DEL COLORADO,10.76,-83.58,2024,7,29.59,24.8,21.56,91.74,12.37
BARRA DEL COLORADO,10.76,-83.58,2024,8,30.23,25.06,8.82,89.11,15.3
BARRA DEL COLORADO,10.76,-83.58,2024,9,30.5,24.56,13.63,88.77,15.87
BARRA DEL COLORADO,10.76,-83.58,2024,10,30.26,24.52,12.52,89.61,15.44
BARRA DEL COLORADO,10.76,-83.58,2024,11,29.23,23.04,39.5,90.74,13.24
BARRA DEL COLORADO,10.76,-83.58,2024,12,29.18,23.5,10.16,90.37,11.09
BARRA DEL COLORADO,10.76,-83.58,2025,1,28.49,23.79,4.95,88.29,14.05
BARRA DEL COLORADO,10.76,-83.58,2025,2,28.76,23.74,2.5,84.61,16.71
BARRA DEL COLORADO,10.76,-83.58,2025,3,30.98,23.87,1.02,77.17,19.71
BARRA DEL COLORADO,10.76,-83.58,2025,4,31.29,23.44,8.83,82.2,16.22
BARRA DEL COLORADO,10.76,-83.58,2025,5,30.56,24.99,11.84,88.83,15.52
BARRA DEL COLORADO,10.76,-83.58,2025,6,29.64,24.11,15.69,91.87,13.04
BARRA DEL COLORADO,10.76,-83.58,2025,7,29.48,25.11,17.92,90.88,12.17
BARRA DEL COLORADO,10.76,-83.58,2025,8,29.56,24.81,6.74,90.09,16.49
BARRA DEL COLORADO,10.76,-83.58,2025,9,29.68,24.47,12.46,89.37,15.65
BARRA DEL COLORADO,10.76,-83.58,2025,10,29.66,24.16,14.63,89.56,14.37
BARRA DEL COLORADO,10.76,-83.58,2025,11,29.27,24.59,7.41,90.28,11.78
COTO,8.62,-82.95,2019,1,32.72,22.72,0.32,67.52,19.58
COTO,8.62,-82.95,2019,2,34.19,22.93,0.78,61.56,20.77
COTO,8.62,-82.95,2019,3,34.78,24.07,1.87,60.5,21.86
COTO,8.62,-82.95,2019,4,34.39,24.53,4.43,71.33,18.48
COTO,8.62,-82.95,2019,5,31.5,23.99,11.89,86.08,15.67
COTO,8.62,-82.95,2019,6,29.97,24.3,8.04,87.39,16.03
COTO,8.62,-82.95,2019,7,30.33,23.94,9.08,85.07,17.12
COTO,8.62,-82.95,2019,8,30.13,23.91,7.54,86.01,15.92
COTO,8.62,-82.95,2019,9,29.53,23.35,8.74,88.24,15.05
COTO,8.62,-82.95,2019,10,28.26,23.52,10.31,90.43,15.3
COTO,8.62,-82.95,2019,11,29.57,22.86,7.75,87.17,15.29
COTO,8.62,-82.95,2019,12,29.81,23.55,4.91,84.02,14.84
COTO,8.62,-82.95,2020,1,31.36,23.78,3.43,78.21,17.25
COTO,8.62,-82.95,2020,2,33.08,23.3,1.0,70.53,20.76
COTO,8.62,-82.95,2020,3,34.09,22.98,0.49,59.78,23.04
COTO,8.62,-82.95,2020,4,34.4,23.38,7.46,73.34,18.56
COTO,8.62,-82.95,2020,5,31.45,23.72,7.42,84.39,16.27
COTO,8.62,-82.95,2020,6,29.58,22.5,9.54,87.84,15.41
COTO,8.62,-82.95,2020,7,29.68,23.34,8.54,86.35,15.96
COTO,8.62,-82.95,2020,8,29.14,23.04,10.87,88.05,15.29
COTO,8.62,-82.95,2020,9,28.48,23.14,9.52,87.96,17.12
COTO,8.62,-82.95,2020,10,29.68,23.51,11.09,89.28,14.92
COTO,8.62,-82.95,2020,11,28.63,22.3,14.07,90.08,13.03
COTO,8.62,-82.95,2020,12,29.72,22.67,7.44,83.23,16.36
COTO,8.62,-82.95,2021,1,30.56,22.51,1.63,77.87,17.5
COTO,8.62,-82.95,2021,2,32.33,22.31,1.55,73.07,19.56
COTO,8.62,-82.95,2021,3,33.44,21.91,2.67,65.73,20.98
COTO,8.62,-82.95,2021,4,33.27,22.92,7.12,77.29,17.11
COTO,8.62,-82.95,2021,5,31.03,23.82,12.35,85.81,16.02
COTO,8.62,-82.95,2021,6,29.68,23.49,10.56,86.38,15.9
COTO,8.62,-82.95,2021,7,29.97,23.24,10.2,86.31,15.18
COTO,8.62,-82.95,2021,8,28.55,23.33,12.29,89.14,15.37
COTO,8.62,-82.95,2021,9,28.6,23.37,11.01,88.47,16.59
COTO,8.62,-82.95,2021,10,29.4,23.11,10.82,89.92,15.71
COTO,8.62,-82.95,2021,11,28.84,22.97,7.26,86.9,14.75
COTO,8.62,-82.95,2021,12,29.58,23.0,3.38,83.87,16.42
COTO,8.62,-82.95,2022,1,30.97,22.9,0.51,74.04,19.95
COTO,8.62,-82.95,2022,2,32.86,22.19,0.82,65.66,21.18
COTO,8.62,-82.95,2022,3,33.34,24.07,2.62,66.62,20.37
COTO,8.62,-82.95,2022,4,32.14,24.05,12.51,80.61,16.52
COTO,8.62,-82.95,2022,5,28.92,24.31,9.35,88.26,15.02
COTO,8.62,-82.95,2022,6,27.45,23.05,10.64,89.87,14.07
COTO,8.62,-82.95,2022,7,29.39,23.37,10.1,89.33,15.55
COTO,8.62,-82.95,2022,8,29.07,22.97,11.81,88.07,15.74
COTO,8.62,-82.95,2022,9,29.25,23.15,10.04,89.24,15.79
COTO,8.62,-82.95,2022,10,28.21,23.25,11.1,90.56,14.47
COTO,8.62,-82.95,2022,11,28.44,23.02,9.3,90.12,12.99
COTO,8.62,-82.95,2022,12,29.79,22.78,2.51,81.51,15.98
COTO,8.62,-82.95,2023,1,31.04,22.4,2.89,76.05,17.91
COTO,8.62,-82.95,2023,2,33.19,22.28,1.14,65.64,21.33
COTO,8.62,-82.95,2023,3,33.35,23.01,3.64,70.53,19.36
COTO,8.62,-82.95,2023,4,33.74,24.33,4.28,71.23,19.5
COTO,8.62,-82.95,2023,5,34.26,24.97,5.48,78.14,18.25
COTO,8.62,-82.95,2023,6,31.01,24.25,10.41,85.42,17.12
COTO,8.62,-82.95,2023,7,32.1,23.79,13.42,84.74,16.0
COTO,8.62,-82.95,2023,8,30.77,24.57,10.44,85.29,15.62
COTO,8.62,-82.95,2023,9,30.71,24.58,9.9,84.01,16.91
COTO,8.62,-82.95,2023,10,30.21,23.7,14.96,88.87,14.97
COTO,8.62,-82.95,2023,11,29.65,23.43,11.05,88.94,14.07
COTO,8.62,-82.95,2023,12,31.28,23.12,3.55,81.21,16.27
COTO,8.62,-82.95,2024,1,32.48,24.17,0.7,74.72,18.64
COTO,8.62,-82.95,2024,2,33.94,23.28,1.81,68.44,19.9
COTO,8.62,-82.95,2024,3,35.1,23.76,1.42,68.45,20.34
COTO,8.62,-82.95,2024,4,34.43,24.64,6.85,72.7,18.61
COTO,8.62,-82.95,2024,5,30.99,25.07,12.68,87.41,15.67
COTO,8.62,-82.95,2024,6,30.2,23.64,18.74,89.35,14.77
COTO,8.62,-82.95,2024,7,30.38,24.07,13.32,89.04,14.79
COTO,8.62,-82.95,2024,8,30.43,24.16,9.51,88.12,15.64
COTO,8.62,-82.95,2024,9,29.74,23.75,8.61,88.63,15.1
COTO,8.62,-82.95,2024,10,29.68,23.48,10.73,89.34,15.44
COTO,8.62,-82.95,2024,11,28.15,23.19,20.12,90.73,11.76
COTO,8.62,-82.95,2024,12,30.44,23.06,5.83,84.71,13.64
COTO,8.62,-82.95,2025,1,30.98,22.57,2.38,80.13,16.57
COTO,8.62,-82.95,2025,2,31.31,23.6,2.62,75.47,18.22
COTO,8.62,-82.95,2025,3,33.29,23.22,5.17,72.56,20.28
COTO,8.62,-82.95,2025,4,33.23,24.55,5.36,75.07,17.76
COTO,8.62,-82.95,2025,5,30.32,24.17,13.78,86.71,16.36
COTO,8.62,-82.95,2025,6,30.18,23.91,11.21,87.79,15.27
COTO,8.62,-82.95,2025,7,30.57,24.17,9.93,85.63,15.92
COTO,8.62,-82.95,2025,8,30.28,23.53,7.08,86.1,15.98
COTO,8.62,-82.95,2025,9,28.98,23.93,9.54,88.73,15.19
COTO,8.62,-82.95,2025,10,28.39,23.37,10.65,89.5,14.11
COTO,8.62,-82.95,2025,11,29.14,23.34,6.22,88.17,14.14
PALMAR SUR,8.96,-83.48,2019,1,31.24,23.18,0.53,68.98,21.37
PALMAR SUR,8.96,-83.48,2019,2,32.18,23.1,1.32,64.79,22.87
PALMAR SUR,8.96,-83.48,2019,3,33.04,23.97,3.6,64.23,24.28
PALMAR SUR,8.96,-83.48,2019,4,32.29,24.67,5.5,74.06,18.95
PALMAR SUR,8.96,-83.48,2019,5,29.94,23.98,13.24,86.03,15.78
PALMAR SUR,8.96,-83.48,2019,6,29.13,24.23,13.3,87.12,17.55
PALMAR SUR,8.96,-83.48,2019,7,29.33,24.08,10.44,84.4,17.15
PALMAR SUR,8.96,-83.48,2019,8,29.29,23.95,10.32,85.59,15.99
PALMAR SUR,8.96,-83.48,2019,9,29.15,23.39,12.47,87.52,15.56
PALMAR SUR,8.96,-83.48,2019,10,27.73,23.3,14.22,91.02,15.16
PALMAR SUR,8.96,-83.48,2019,11,28.72,23.01,10.07,85.69,16.63
PALMAR SUR,8.96,-83.48,2019,12,28.66,23.76,6.98,83.31,16.03
PALMAR SUR,8.96,-83.48,2020,1,29.89,23.98,4.99,80.01,18.73
PALMAR SUR,8.96,-83.48,2020,2,31.38,23.81,1.49,73.13,22.6
PALMAR SUR,8.96,-83.48,2020,3,32.53,23.55,0.82,63.16,25.41
PALMAR SUR,8.96,-83.48,2020,4,32.35,23.78,9.3,76.37,19.51
PALMAR SUR,8.96,-83.48,2020,5,30.36,23.56,9.23,84.59,16.1
PALMAR SUR,8.96,-83.48,2020,6,28.87,23.95,14.72,87.27,15.34
PALMAR SUR,8.96,-83.48,2020,7,28.97,23.39,10.79,85.7,16.12
PALMAR SUR,8.96,-83.48,2020,8,28.93,23.44,13.15,87.23,15.37
PALMAR SUR,8.96,-83.48,2020,9,27.86,23.48,12.88,88.12,17.89
PALMAR SUR,8.96,-83.48,2020,10,28.75,23.35,12.96,88.63,14.54
PALMAR SUR,8.96,-83.48,2020,11,27.69,22.46,14.85,89.75,13.79
PALMAR SUR,8.96,-83.48,2020,12,28.95,22.95,10.33,82.64,18.03
PALMAR SUR,8.96,-83.48,2021,1,29.21,22.75,2.35,78.03,19.65
PALMAR SUR,8.96,-83.48,2021,2,30.94,22.87,1.56,74.86,21.22
PALMAR SUR,8.96,-83.48,2021,3,32.0,22.13,4.99,68.5,23.06
PALMAR SUR,8.96,-83.48,2021,4,30.82,23.32,11.44,80.31,18.21
PALMAR SUR,8.96,-83.48,2021,5,29.48,23.78,10.96,85.15,16.86
PALMAR SUR,8.96,-83.48,2021,6,28.8,23.56,11.27,86.23,17.14
PALMAR SUR,8.96,-83.48,2021,7,29.29,23.19,14.83,85.65,15.98
PALMAR SUR,8.96,-83.48,2021,8,28.22,23.35,15.85,88.67,15.91
PALMAR SUR,8.96,-83.48,2021,9,27.92,23.0,14.14,87.78,17.0
PALMAR SUR,8.96,-83.48,2021,10,28.37,22.94,13.5,89.22,15.37
PALMAR SUR,8.96,-83.48,2021,11,28.14,23.03,8.83,85.15,15.48
PALMAR SUR,8.96,-83.48,2021,12,28.45,23.21,3.77,82.55,17.06
PALMAR SUR,8.96,-83.48,2022,1,29.47,22.97,0.78,75.22,20.12
PALMAR SUR,8.96,-83.48,2022,2,31.33,22.42,1.07,66.96,23.2
PALMAR SUR,8.96,-83.48,2022,3,31.79,23.76,4.08,69.89,22.7
PALMAR SUR,8.96,-83.48,2022,4,30.52,23.69,9.28,80.37,18.19
PALMAR SUR,8.96,-83.48,2022,5,28.29,24.18,9.56,88.0,15.51
PALMAR SUR,8.96,-83.48,2022,6,27.16,22.63,13.98,88.97,14.45
PALMAR SUR,8.96,-83.48,2022,7,28.59,23.31,11.14,87.97,16.35
PALMAR SUR,8.96,-83.48,2022,8,28.91,23.4,9.88,87.26,16.98
PALMAR SUR,8.96,-83.48,2022,9,28.76,23.17,11.29,88.45,15.9
PALMAR SUR,8.96,-83.48,2022,10,27.54,23.36,12.39,90.2,12.53
PALMAR SUR,8.96,-83.48,2022,11,28.09,23.25,9.64,89.63,12.78
PALMAR SUR,8.96,-83.48,2022,12,28.91,23.02,3.17,80.61,18.13
PALMAR SUR,8.96,-83.48,2023,1,29.76,22.36,3.21,76.86,19.99
PALMAR SUR,8.96,-83.48,2023,2,31.79,22.13,1.88,66.71,23.75
PALMAR SUR,8.96,-83.48,2023,3,31.32,23.39,4.89,73.47,21.52
PALMAR SUR,8.96,-83.48,2023,4,32.1,24.66,4.48,73.64,21.37
PALMAR SUR,8.96,-83.48,2023,5,32.92,23.82,8.05,78.96,20.44
PALMAR SUR,8.96,-83.48,2023,6,30.28,23.92,10.61,84.92,18.48
PALMAR SUR,8.96,-83.48,2023,7,31.29,24.52,13.12,83.51,16.88
PALMAR SUR,8.96,-83.48,2023,8,29.78,24.28,10.64,84.22,16.73
PALMAR SUR,8.96,-83.48,2023,9,29.8,24.73,10.71,83.33,17.48
PALMAR SUR,8.96,-83.48,2023,10,28.95,23.37,14.81,88.76,15.47
PALMAR SUR,8.96,-83.48,2023,11,29.25,24.12,9.85,87.32,15.2
PALMAR SUR,8.96,-83.48,2023,12,30.33,23.98,3.54,80.58,18.32
PALMAR SUR,8.96,-83.48,2024,1,31.76,23.6,0.83,75.13,20.71
PALMAR SUR,8.96,-83.48,2024,2,32.96,23.14,2.95,70.08,22.13
PALMAR SUR,8.96,-83.48,2024,3,33.29,23.34,2.96,72.49,22.44
PALMAR SUR,8.96,-83.48,2024,4,32.09,24.58,8.21,75.26,19.89
PALMAR SUR,8.96,-83.48,2024,5,30.19,24.95,9.86,86.62,16.61
PALMAR SUR,8.96,-83.48,2024,6,29.23,23.6,23.52,88.88,15.4
PALMAR SUR,8.96,-83.48,2024,7,29.68,24.18,17.64,88.43,16.21
PALMAR SUR,8.96,-83.48,2024,8,29.4,24.39,9.88,87.16,16.33
PALMAR SUR,8.96,-83.48,2024,9,28.97,23.55,10.53,88.27,14.72
PALMAR SUR,8.96,-83.48,2024,10,29.31,23.42,13.07,88.37,15.56
PALMAR SUR,8.96,-83.48,2024,11,27.71,22.87,22.51,90.34,11.26
PALMAR SUR,8.96,-83.48,2024,12,29.15,23.32,7.72,83.91,15.09
PALMAR SUR,8.96,-83.48,2025,1,29.53,23.41,3.1,80.24,18.96
PALMAR SUR,8.96,-83.48,2025,2,29.74,24.04,2.45,76.75,19.9
PALMAR SUR,8.96,-83.48,2025,3,32.78,23.91,4.41,73.75,21.16
PALMAR SUR,8.96,-83.48,2025,4,31.9,24.61,7.2,76.68,19.85
PALMAR SUR,8.96,-83.48,2025,5,29.37,24.03,18.98,86.64,18.2
PALMAR SUR,8.96,-83.48,2025,6,29.49,23.68,13.34,87.19,16.3
PALMAR SUR,8.96,-83.48,2025,7,30.0,23.98,11.44,84.8,17.13
PALMAR SUR,8.96,-83.48,2025,8,29.31,23.59,6.36,85.32,16.11
PALMAR SUR,8.96,-83.48,2025,9,28.74,23.69,11.47,88.2,15.48
PALMAR SUR,8.96,-83.48,2025,10,27.95,22.94,11.32,89.58,13.38
PALMAR SUR,8.96,-83.48,2025,11,28.4,23.3,8.39,87.32,15.65
RIO CLARO,8.71,-83.06,2019,1,32.72,22.72,0.32,67.52,21.37
RIO CLARO,8.71,-83.06,2019,2,34.19,22.93,0.78,61.56,22.87
RIO CLARO,8.71,-83.06,2019,3,34.78,24.07,1.87,60.5,24.28
RIO CLARO,8.71,-83.06,2019,4,34.39,24.53,4.43,71.33,18.95
RIO CLARO,8.71,-83.06,2019,5,31.5,23.99,11.89,86.08,15.78
RIO CLARO,8.71,-83.06,2019,6,29.97,24.3,8.04,87.39,17.55
RIO CLARO,8.71,-83.06,2019,7,30.33,23.94,9.08,85.07,17.15
RIO CLARO,8.71,-83.06,2019,8,30.13,23.91,7.54,86.01,15.99
RIO CLARO,8.71,-83.06,2019,9,29.53,23.35,8.74,88.24,15.56
RIO CLARO,8.71,-83.06,2019,10,28.26,23.52,10.31,90.43,15.16
RIO CLARO,8.71,-83.06,2019,11,29.57,22.86,7.75,87.17,16.63
RIO CLARO,8.71,-83.06,2019,12,29.81,23.55,4.91,84.02,16.03
RIO CLARO,8.71,-83.06,2020,1,31.36,23.78,3.43,78.21,18.73
RIO CLARO,8.71,-83.06,2020,2,33.08,23.3,1.0,70.53,22.6
RIO CLARO,8.71,-83.06,2020,3,34.09,22.98,0.49,59.78,25.41
RIO CLARO,8.71,-83.06,2020,4,34.4,23.38,7.46,73.34,19.51
RIO CLARO,8.71,-83.06,2020,5,31.45,23.72,7.42,84.39,16.1
RIO CLARO,8.71,-83.06,2020,6,29.58,22.5,9.54,87.84,15.34
RIO CLARO,8.71,-83.06,2020,7,29.68,23.34,8.54,86.35,16.12
RIO CLARO,8.71,-83.06,2020,8,29.14,23.04,10.87,88.05,15.37
RIO CLARO,8.71,-83.06,2020,9,28.48,23.14,9.52,87.96,17.89
RIO CLARO,8.71,-83.06,2020,10,29.68,23.51,11.09,89.28,14.54
RIO CLARO,8.71,-83.06,2020,11,28.63,22.3,14.07,90.08,13.79
RIO CLARO,8.71,-83.06,2020,12,29.72,22.67,7.44,83.23,18.03
RIO CLARO,8.71,-83.06,2021,1,30.56,22.51,1.63,77.87,19.65
RIO CLARO,8.71,-83.06,2021,2,32.33,22.31,1.55,73.07,21.22
RIO CLARO,8.71,-83.06,2021,3,33.44,21.91,2.67,65.73,23.06
RIO CLARO,8.71,-83.06,2021,4,33.27,22.92,7.12,77.29,18.21
RIO CLARO,8.71,-83.06,2021,5,31.03,23.82,12.35,85.81,16.86
RIO CLARO,8.71,-83.06,2021,6,29.68,23.49,10.56,86.38,17.14
RIO CLARO,8.71,-83.06,2021,7,29.97,23.24,10.2,86.31,15.98
RIO CLARO,8.71,-83.06,2021,8,28.55,23.33,12.29,89.14,15.91
RIO CLARO,8.71,-83.06,2021,9,28.6,23.37,11.01,88.47,17.0
RIO CLARO,8.71,-83.06,2021,10,29.4,23.11,10.82,89.92,15.37
RIO CLARO,8.71,-83.06,2021,11,28.84,22.97,7.26,86.9,15.48
RIO CLARO,8.71,-83.06,2021,12,29.58,23.0,3.38,83.87,17.06
RIO CLARO,8.71,-83.06,2022,1,30.97,22.9,0.51,74.04,20.12
RIO CLARO,8.71,-83.06,2022,2,32.86,22.19,0.82,65.66,23.2
RIO CLARO,8.71,-83.06,2022,3,33.34,24.07,2.62,66.62,22.7
RIO CLARO,8.71,-83.06,2022,4,32.14,24.05,12.51,80.61,18.19
RIO CLARO,8.71,-83.06,2022,5,28.92,24.31,9.35,88.26,15.51
RIO CLARO,8.71,-83.06,2022,6,27.45,23.05,10.64,89.87,14.45
RIO CLARO,8.71,-83.06,2022,7,29.39,23.37,10.1,89.33,16.35
RIO CLARO,8.71,-83.06,2022,8,29.07,22.97,11.81,88.07,16.98
RIO CLARO,8.71,-83.06,2022,9,29.25,23.15,10.04,89.24,15.9
RIO CLARO,8.71,-83.06,2022,10,28.21,23.25,11.1,90.56,12.53
RIO CLARO,8.71,-83.06,2022,11,28.44,23.02,9.3,90.12,12.78
RIO CLARO,8.71,-83.06,2022,12,29.79,22.78,2.51,81.51,18.13
RIO CLARO,8.71,-83.06,2023,1,31.04,22.4,2.89,76.05,19.99
RIO CLARO,8.71,-83.06,2023,2,33.19,22.28,1.14,65.64,23.75
RIO CLARO,8.71,-83.06,2023,3,33.35,23.01,3.64,70.53,21.52
RIO CLARO,8.71,-83.06,2023,4,33.74,24.33,4.28,71.23,21.37
RIO CLARO,8.71,-83.06,2023,5,34.26,24.97,5.48,78.14,20.44
RIO CLARO,8.71,-83.06,2023,6,31.01,24.25,10.41,85.42,18.48
RIO CLARO,8.71,-83.06,2023,7,32.1,23.79,13.42,84.74,16.88
RIO CLARO,8.71,-83.06,2023,8,30.77,24.57,10.44,85.29,16.73
RIO CLARO,8.71,-83.06,2023,9,30.71,24.58,9.9,84.01,17.48
RIO CLARO,8.71,-83.06,2023,10,30.21,23.7,14.96,88.87,15.47
RIO CLARO,8.71,-83.06,2023,11,29.65,23.43,11.05,88.94,15.2
RIO CLARO,8.71,-83.06,2023,12,31.28,23.12,3.55,81.21,18.32
RIO CLARO,8.71,-83.06,2024,1,32.48,24.17,0.7,74.72,20.71
RIO CLARO,8.71,-83.06,2024,2,33.94,23.28,1.81,68.44,22.13
RIO CLARO,8.71,-83.06,2024,3,35.1,23.76,1.42,68.45,22.44
RIO CLARO,8.71,-83.06,2024,4,34.43,24.64,6.85,72.7,19.89
RIO CLARO,8.71,-83.06,2024,5,30.99,25.07,12.68,87.41,16.61
RIO CLARO,8.71,-83.06,2024,6,30.2,23.64,18.74,89.35,15.4
RIO CLARO,8.71,-83.06,2024,7,30.38,24.07,13.32,89.04,16.21
RIO CLARO,8.71,-83.06,2024,8,30.43,24.16,9.51,88.12,16.33
RIO CLARO,8.71,-83.06,2024,9,29.74,23.75,8.61,88.63,14.72
RIO CLARO,8.71,-83.06,2024,10,29.68,23.48,10.73,89.34,15.56
RIO CLARO,8.71,-83.06,2024,11,28.15,23.19,20.12,90.73,11.26
RIO CLARO,8.71,-83.06,2024,12,30.44,23.06,5.83,84.71,15.09
RIO CLARO,8.71,-83.06,2025,1,30.98,22.57,2.38,80.13,18.96
RIO CLARO,8.71,-83.06,2025,2,31.31,23.6,2.62,75.47,19.9
RIO CLARO,8.71,-83.06,2025,3,33.29,23.22,5.17,72.56,21.16
RIO CLARO,8.71,-83.06,2025,4,33.23,24.55,5.36,75.07,19.85
RIO CLARO,8.71,-83.06,2025,5,30.32,24.17,13.78,86.71,18.2
RIO CLARO,8.71,-83.06,2025,6,30.18,23.91,11.21,87.79,16.3
RIO CLARO,8.71,-83.06,2025,7,30.57,24.17,9.93,85.63,17.13
RIO CLARO,8.71,-83.06,2025,8,30.28,23.53,7.08,86.1,16.11
RIO CLARO,8.71,-83.06,2025,9,28.98,23.93,9.54,88.73,15.48
RIO CLARO,8.71,-83.06,2025,10,28.39,23.37,10.65,89.5,13.38
RIO CLARO,8.71,-83.06,2025,11,29.14,23.34,6.22,88.17,15.65
GOLFITO,8.5,-83.2,2019,1,32.72,22.72,0.32,67.52,21.37
GOLFITO,8.5,-83.2,2019,2,34.19,22.93,0.78,61.56,22.87
GOLFITO,8.5,-83.2,2019,3,34.78,24.07,1.87,60.5,24.28
GOLFITO,8.5,-83.2,2019,4,34.39,24.53,4.43,71.33,18.95
GOLFITO,8.5,-83.2,2019,5,31.5,23.99,11.89,86.08,15.78
GOLFITO,8.5,-83.2,2019,6,29.97,24.3,8.04,87.39,17.55
GOLFITO,8.5,-83.2,2019,7,30.33,23.94,9.08,85.07,17.15
GOLFITO,8.5,-83.2,2019,8,30.13,23.91,7.54,86.01,15.99
GOLFITO,8.5,-83.2,2019,9,29.53,23.35,8.74,88.24,15.56
GOLFITO,8.5,-83.2,2019,10,28.26,23.52,10.31,90.43,15.16
GOLFITO,8.5,-83.2,2019,11,29.57,22.86,7.75,87.17,16.63
GOLFITO,8.5,-83.2,2019,12,29.81,23.55,4.91,84.02,16.03
GOLFITO,8.5,-83.2,2020,1,31.36,23.78,3.43,78.21,18.73
GOLFITO,8.5,-83.2,2020,2,33.08,23.3,1.0,70.53,22.6
GOLFITO,8.5,-83.2,2020,3,34.09,22.98,0.49,59.78,25.41
GOLFITO,8.5,-83.2,2020,4,34.4,23.38,7.46,73.34,19.51
GOLFITO,8.5,-83.2,2020,5,31.45,23.72,7.42,84.39,16.1
GOLFITO,8.5,-83.2,2020,6,29.58,22.5,9.54,87.84,15.34
GOLFITO,8.5,-83.2,2020,7,29.68,23.34,8.54,86.35,16.12
GOLFITO,8.5,-83.2,2020,8,29.14,23.04,10.87,88.05,15.37
GOLFITO,8.5,-83.2,2020,9,28.48,23.14,9.52,87.96,17.89
GOLFITO,8.5,-83.2,2020,10,29.68,23.51,11.09,89.28,14.54
GOLFITO,8.5,-83.2,2020,11,28.63,22.3,14.07,90.08,13.79
GOLFITO,8.5,-83.2,2020,12,29.72,22.67,7.44,83.23,18.03
GOLFITO,8.5,-83.2,2021,1,30.56,22.51,1.63,77.87,19.65
GOLFITO,8.5,-83.2,2021,2,32.33,22.31,1.55,73.07,21.22
GOLFITO,8.5,-83.2,2021,3,33.44,21.91,2.67,65.73,23.06
GOLFITO,8.5,-83.2,2021,4,33.27,22.92,7.12,77.29,18.21
GOLFITO,8.5,-83.2,2021,5,31.03,23.82,12.35,85.81,16.86
GOLFITO,8.5,-83.2,2021,6,29.68,23.49,10.56,86.38,17.14
GOLFITO,8.5,-83.2,2021,7,29.97,23.24,10.2,86.31,15.98
GOLFITO,8.5,-83.2,2021,8,28.55,23.33,12.29,89.14,15.91
GOLFITO,8.5,-83.2,2021,9,28.6,23.37,11.01,88.47,17.0
GOLFITO,8.5,-83.2,2021,10,29.4,23.11,10.82,89.92,15.37
GOLFITO,8.5,-83.2,2021,11,28.84,22.97,7.26,86.9,15.48
GOLFITO,8.5,-83.2,2021,12,29.58,23.0,3.38,83.87,17.06
GOLFITO,8.5,-83.2,2022,1,30.97,22.9,0.51,74.04,20.12
GOLFITO,8.5,-83.2,2022,2,32.86,22.19,0.82,65.66,23.2
GOLFITO,8.5,-83.2,2022,3,33.34,24.07,2.62,66.62,22.7
GOLFITO,8.5,-83.2,2022,4,32.14,24.05,12.51,80.61,18.19
GOLFITO,8.5,-83.2,2022,5,28.92,24.31,9.35,88.26,15.51
GOLFITO,8.5,-83.2,2022,6,27.45,23.05,10.64,89.87,14.45
GOLFITO,8.5,-83.2,2022,7,29.39,23.37,10.1,89.33,16.35
GOLFITO,8.5,-83.2,2022,8,29.07,22.97,11.81,88.07,16.98
GOLFITO,8.5,-83.2,2022,9,29.25,23.15,10.04,89.24,15.9
GOLFITO,8.5,-83.2,2022,10,28.21,23.25,11.1,90.56,12.53
GOLFITO,8.5,-83.2,2022,11,28.44,23.02,9.3,90.12,12.78
GOLFITO,8.5,-83.2,2022,12,29.79,22.78,2.51,81.51,18.13
GOLFITO,8.5,-83.2,2023,1,31.04,22.4,2.89,76.05,19.99
GOLFITO,8.5,-83.2,2023,2,33.19,22.28,1.14,65.64,23.75
GOLFITO,8.5,-83.2,2023,3,33.35,23.01,3.64,70.53,21.52
GOLFITO,8.5,-83.2,2023,4,33.74,24.33,4.28,71.23,21.37
GOLFITO,8.5,-83.2,2023,5,34.26,24.97,5.48,78.14,20.44
GOLFITO,8.5,-83.2,2023,6,31.01,24.25,10.41,85.42,18.48
GOLFITO,8.5,-83.2,2023,7,32.1,23.79,13.42,84.74,16.88
GOLFITO,8.5,-83.2,2023,8,30.77,24.57,10.44,85.29,16.73
GOLFITO,8.5,-83.2,2023,9,30.71,24.58,9.9,84.01,17.48
GOLFITO,8.5,-83.2,2023,10,30.21,23.7,14.96,88.87,15.47
GOLFITO,8.5,-83.2,2023,11,29.65,23.43,11.05,88.94,15.2
GOLFITO,8.5,-83.2,2023,12,31.28,23.12,3.55,81.21,18.32
GOLFITO,8.5,-83.2,2024,1,32.48,24.17,0.7,74.72,20.71
GOLFITO,8.5,-83.2,2024,2,33.94,23.28,1.81,68.44,22.13
GOLFITO,8.5,-83.2,2024,3,35.1,23.76,1.42,68.45,22.44
GOLFITO,8.5,-83.2,2024,4,34.43,24.64,6.85,72.7,19.89
GOLFITO,8.5,-83.2,2024,5,30.99,25.07,12.68,87.41,16.61
GOLFITO,8.5,-83.2,2024,6,30.2,23.64,18.74,89.35,15.4
GOLFITO,8.5,-83.2,2024,7,30.38,24.07,13.32,89.04,16.21
GOLFITO,8.5,-83.2,2024,8,30.43,24.16,9.51,88.12,16.33
GOLFITO,8.5,-83.2,2024,9,29.74,23.75,8.61,88.63,14.72
GOLFITO,8.5,-83.2,2024,10,29.68,23.48,10.73,89.34,15.56
GOLFITO,8.5,-83.2,2024,11,28.15,23.19,20.12,90.73,11.26
GOLFITO,8.5,-83.2,2024,12,30.44,23.06,5.83,84.71,15.09
GOLFITO,8.5,-83.2,2025,1,30.98,22.57,2.38,80.13,18.96
GOLFITO,8.5,-83.2,2025,2,31.31,23.6,2.62,75.47,19.9
GOLFITO,8.5,-83.2,2025,3,33.29,23.22,5.17,72.56,21.16
GOLFITO,8.5,-83.2,2025,4,33.23,24.55,5.36,75.07,19.85
GOLFITO,8.5,-83.2,2025,5,30.32,24.17,13.78,86.71,18.2
GOLFITO,8.5,-83.2,2025,6,30.18,23.91,11.21,87.79,16.3
GOLFITO,8.5,-83.2,2025,7,30.57,24.17,9.93,85.63,17.13
GOLFITO,8.5,-83.2,2025,8,30.28,23.53,7.08,86.1,16.11
GOLFITO,8.5,-83.2,2025,9,28.98,23.93,9.54,88.73,15.48
GOLFITO,8.5,-83.2,2025,10,28.39,23.37,10.65,89.5,13.38
GOLFITO,8.5,-83.2,2025,11,29.14,23.34,6.22,88.17,15.65
QUEPOS,9.45,-84.15,2019,1,30.16,23.3,0.41,71.43,21.82
QUEPOS,9.45,-84.15,2019,2,31.37,23.74,0.89,66.53,23.3
QUEPOS,9.45,-84.15,2019,3,32.96,24.66,2.23,62.97,24.99
QUEPOS,9.45,-84.15,2019,4,32.15,24.7,4.56,72.08,21.45
QUEPOS,9.45,-84.15,2019,5,30.35,24.06,15.61,85.05,16.13
QUEPOS,9.45,-84.15,2019,6,29.5,24.72,15.48,87.11,18.54
QUEPOS,9.45,-84.15,2019,7,29.7,24.17,11.32,84.9,17.19
QUEPOS,9.45,-84.15,2019,8,29.79,24.07,12.15,85.9,16.4
QUEPOS,9.45,-84.15,2019,9,29.68,23.6,17.14,86.91,16.69
QUEPOS,9.45,-84.15,2019,10,28.18,23.65,19.8,90.31,16.16
QUEPOS,9.45,-84.15,2019,11,28.9,22.91,9.2,85.9,16.84
QUEPOS,9.45,-84.15,2019,12,29.21,23.36,5.58,84.65,16.54
QUEPOS,9.45,-84.15,2020,1,30.41,23.73,3.82,80.01,19.34
QUEPOS,9.45,-84.15,2020,2,30.97,23.07,0.73,73.25,23.49
QUEPOS,9.45,-84.15,2020,3,31.87,23.77,0.58,65.32,25.7
QUEPOS,9.45,-84.15,2020,4,32.21,24.45,9.49,76.7,21.35
QUEPOS,9.45,-84.15,2020,5,30.46,24.12,9.3,84.1,16.24
QUEPOS,9.45,-84.15,2020,6,29.13,23.96,18.39,87.13,16.25
QUEPOS,9.45,-84.15,2020,7,29.02,23.38,13.06,86.13,17.46
QUEPOS,9.45,-84.15,2020,8,29.04,23.17,16.66,87.84,16.54
QUEPOS,9.45,-84.15,2020,9,28.27,23.68,15.37,88.44,18.28
QUEPOS,9.45,-84.15,2020,10,28.98,23.64,15.08,88.49,16.25
QUEPOS,9.45,-84.15,2020,11,27.75,22.99,21.41,89.68,14.85
QUEPOS,9.45,-84.15,2020,12,29.02,22.43,9.42,83.48,18.2
QUEPOS,9.45,-84.15,2021,1,29.4,22.05,2.07,79.7,19.64
QUEPOS,9.45,-84.15,2021,2,30.22,23.41,0.97,75.67,22.22
QUEPOS,9.45,-84.15,2021,3,30.75,22.7,4.24,70.82,24.08
QUEPOS,9.45,-84.15,2021,4,30.48,23.76,12.63,80.47,20.16
QUEPOS,9.45,-84.15,2021,5,29.47,23.8,10.91,85.53,17.49
QUEPOS,9.45,-84.15,2021,6,28.91,24.05,14.04,86.5,18.19
QUEPOS,9.45,-84.15,2021,7,29.51,23.86,18.2,85.85,17.17
QUEPOS,9.45,-84.15,2021,8,28.7,23.81,19.69,88.0,17.08
QUEPOS,9.45,-84.15,2021,9,28.28,23.59,19.69,87.17,17.78
QUEPOS,9.45,-84.15,2021,10,28.57,23.74,13.81,88.53,16.28
QUEPOS,9.45,-84.15,2021,11,28.34,23.18,7.99,86.41,16.57
QUEPOS,9.45,-84.15,2021,12,28.67,23.32,3.01,83.64,17.25
QUEPOS,9.45,-84.15,2022,1,29.26,22.82,0.65,76.25,20.65
QUEPOS,9.45,-84.15,2022,2,30.78,22.03,0.63,68.18,23.47
QUEPOS,9.45,-84.15,2022,3,31.46,23.69,3.31,70.2,23.93
QUEPOS,9.45,-84.15,2022,4,31.18,24.46,6.86,78.44,20.48
QUEPOS,9.45,-84.15,2022,5,29.01,24.02,12.09,86.73,16.68
QUEPOS,9.45,-84.15,2022,6,27.51,23.05,16.21,88.0,16.41
QUEPOS,9.45,-84.15,2022,7,28.78,23.11,11.47,88.09,16.68
QUEPOS,9.45,-84.15,2022,8,29.16,23.42,10.16,86.99,18.11
QUEPOS,9.45,-84.15,2022,9,28.7,23.55,11.71,88.15,17.8
QUEPOS,9.45,-84.15,2022,10,28.71,23.21,14.04,89.66,15.73
QUEPOS,9.45,-84.15,2022,11,28.18,22.88,11.18,89.68,13.92
QUEPOS,9.45,-84.15,2022,12,28.97,22.58,2.43,82.07,18.47
QUEPOS,9.45,-84.15,2023,1,29.74,22.78,2.2,78.35,20.01
QUEPOS,9.45,-84.15,2023,2,30.77,23.06,0.86,68.31,23.92
QUEPOS,9.45,-84.15,2023,3,31.19,23.85,4.4,74.14,21.88
QUEPOS,9.45,-84.15,2023,4,31.73,24.88,3.56,72.01,22.62
QUEPOS,9.45,-84.15,2023,5,32.91,24.66,8.31,77.62,21.16
QUEPOS,9.45,-84.15,2023,6,30.56,24.64,9.21,84.49,18.88
QUEPOS,9.45,-84.15,2023,7,31.09,25.02,11.07,83.37,18.06
QUEPOS,9.45,-84.15,2023,8,30.34,24.7,11.16,84.45,17.61
QUEPOS,9.45,-84.15,2023,9,30.05,24.82,10.84,83.92,18.29
QUEPOS,9.45,-84.15,2023,10,29.31,23.78,15.37,87.52,16.38
QUEPOS,9.45,-84.15,2023,11,29.68,24.53,8.97,86.82,16.34
QUEPOS,9.45,-84.15,2023,12,30.73,24.44,2.14,80.14,18.66
QUEPOS,9.45,-84.15,2024,1,31.2,24.0,0.52,75.84,21.08
QUEPOS,9.45,-84.15,2024,2,32.33,23.71,1.95,70.87,23.29
QUEPOS,9.45,-84.15,2024,3,33.35,24.42,2.69,71.05,22.84
QUEPOS,9.45,-84.15,2024,4,32.45,24.74,7.29,74.04,21.33
QUEPOS,9.45,-84.15,2024,5,30.88,25.36,14.28,85.11,18.72
QUEPOS,9.45,-84.15,2024,6,29.81,24.02,23.54,88.41,16.87
QUEPOS,9.45,-84.15,2024,7,29.79,24.79,20.4,88.57,16.86
QUEPOS,9.45,-84.15,2024,8,29.98,24.53,10.43,87.5,17.07
QUEPOS,9.45,-84.15,2024,9,29.25,23.91,13.21,88.02,15.49
QUEPOS,9.45,-84.15,2024,10,29.35,23.83,13.8,88.06,17.16
QUEPOS,9.45,-84.15,2024,11,28.2,23.19,24.22,89.73,12.26
QUEPOS,9.45,-84.15,2024,12,29.46,23.53,6.31,84.69,15.54
QUEPOS,9.45,-84.15,2025,1,29.74,23.27,2.12,80.83,18.68
QUEPOS,9.45,-84.15,2025,2,30.22,23.54,1.62,77.6,20.21
QUEPOS,9.45,-84.15,2025,3,32.1,24.42,2.88,73.88,22.32
QUEPOS,9.45,-84.15,2025,4,31.88,24.75,6.34,76.56,21.15
QUEPOS,9.45,-84.15,2025,5,29.85,24.77,20.14,86.28,19.24
QUEPOS,9.45,-84.15,2025,6,29.36,24.3,15.23,86.59,16.89
QUEPOS,9.45,-84.15,2025,7,30.17,24.5,15.73,84.93,17.9
QUEPOS,9.45,-84.15,2025,8,29.46,24.23,6.76,85.47,17.22
QUEPOS,9.45,-84.15,2025,9,29.18,23.93,14.82,88.21,16.65
QUEPOS,9.45,-84.15,2025,10,28.36,23.49,14.78,89.08,15.78
QUEPOS,9.45,-84.15,2025,11,28.62,22.98,8.13,88.03,15.51
CAHUITA,9.75,-83.2,2019,1,26.89,20.79,1.44,84.32,18.42
CAHUITA,9.75,-83.2,2019,2,28.25,20.83,2.93,80.81,19.23
CAHUITA,9.75,-83.2,2019,3,27.1,21.18,9.62,84.47,19.46
CAHUITA,9.75,-83.2,2019,4,28.09,21.94,8.42,85.11,17.41
CAHUITA,9.75,-83.2,2019,5,28.22,22.88,19.5,90.01,15.13
CAHUITA,9.75,-83.2,2019,6,28.49,23.2,12.21,89.02,16.38
CAHUITA,9.75,-83.2,2019,7,27.86,22.65,9.38,89.03,16.34
CAHUITA,9.75,-83.2,2019,8,28.27,21.92,11.07,88.07,15.01
CAHUITA,9.75,-83.2,2019,9,28.52,22.21,12.38,86.83,15.45
CAHUITA,9.75,-83.2,2019,10,28.15,22.07,19.04,87.87,15.4
CAHUITA,9.75,-83.2,2019,11,27.71,21.93,15.26,87.09,15.06
CAHUITA,9.75,-83.2,2019,12,27.23,22.25,12.41,88.18,14.36
CAHUITA,9.75,-83.2,2020,1,26.92,21.69,8.79,87.68,15.95
CAHUITA,9.75,-83.2,2020,2,27.46,21.12,4.84,86.16,19.76
CAHUITA,9.75,-83.2,2020,3,27.45,21.67,1.5,82.48,22.22
CAHUITA,9.75,-83.2,2020,4,28.12,21.7,8.66,82.02,17.83
CAHUITA,9.75,-83.2,2020,5,28.62,22.91,10.95,87.11,15.58
CAHUITA,9.75,-83.2,2020,6,28.15,21.18,20.81,88.16,15.27
CAHUITA,9.75,-83.2,2020,7,27.99,20.66,10.52,87.32,15.97
CAHUITA,9.75,-83.2,2020,8,28.84,22.64,13.93,87.21,15.82
CAHUITA,9.75,-83.2,2020,9,28.45,22.59,13.72,84.26,16.92
CAHUITA,9.75,-83.2,2020,10,27.89,22.66,22.94,87.32,15.11
CAHUITA,9.75,-83.2,2020,11,28.57,22.6,34.05,88.74,13.64
CAHUITA,9.75,-83.2,2020,12,26.88,21.32,20.42,87.29,15.25
CAHUITA,9.75,-83.2,2021,1,26.38,21.02,6.98,86.32,16.64
CAHUITA,9.75,-83.2,2021,2,27.23,21.33,3.73,85.15,17.81
CAHUITA,9.75,-83.2,2021,3,27.15,20.38,11.11,84.28,19.22
CAHUITA,9.75,-83.2,2021,4,27.58,22.45,15.56,87.21,16.09
CAHUITA,9.75,-83.2,2021,5,28.16,22.76,22.18,88.68,15.41
CAHUITA,9.75,-83.2,2021,6,27.74,22.88,18.3,87.6,16.51
CAHUITA,9.75,-83.2,2021,7,27.7,22.13,17.59,88.66,14.79
CAHUITA,9.75,-83.2,2021,8,27.67,22.02,17.8,87.34,15.51
CAHUITA,9.75,-83.2,2021,9,27.94,22.2,10.15,85.8,16.11
CAHUITA,9.75,-83.2,2021,10,28.19,22.15,11.47,85.94,15.69
CAHUITA,9.75,-83.2,2021,11,27.89,21.97,7.98,86.2,14.43
CAHUITA,9.75,-83.2,2021,12,26.94,22.32,8.7,88.72,15.52
CAHUITA,9.75,-83.2,2022,1,26.7,21.28,3.25,84.08,18.93
CAHUITA,9.75,-83.2,2022,2,26.44,20.33,3.4,83.11,19.48
CAHUITA,9.75,-83.2,2022,3,27.71,20.64,9.22,84.32,20.52
CAHUITA,9.75,-83.2,2022,4,28.14,21.71,15.27,86.16,16.19
CAHUITA,9.75,-83.2,2022,5,28.32,22.01,12.12,88.66,15.32
CAHUITA,9.75,-83.2,2022,6,28.46,21.95,29.95,89.75,14.87
CAHUITA,9.75,-83.2,2022,7,27.52,22.32,14.32,89.8,14.79
CAHUITA,9.75,-83.2,2022,8,28.26,21.16,12.2,86.41,15.89
CAHUITA,9.75,-83.2,2022,9,28.15,22.65,17.36,86.58,15.73
CAHUITA,9.75,-83.2,2022,10,28.05,22.58,10.81,86.37,14.53
CAHUITA,9.75,-83.2,2022,11,27.78,21.94,22.09,89.18,12.72
CAHUITA,9.75,-83.2,2022,12,26.75,22.05,6.62,86.08,15.11
CAHUITA,9.75,-83.2,2023,1,26.35,21.79,4.78,86.52,16.67
CAHUITA,9.75,-83.2,2023,2,26.36,21.13,6.29,85.5,18.49
CAHUITA,9.75,-83.2,2023,3,27.61,21.31,6.67,84.62,17.7
CAHUITA,9.75,-83.2,2023,4,28.92,21.61,4.54,82.74,18.51
CAHUITA,9.75,-83.2,2023,5,29.08,23.07,9.76,84.05,17.89
CAHUITA,9.75,-83.2,2023,6,28.59,22.44,15.17,88.01,16.5
CAHUITA,9.75,-83.2,2023,7,28.4,22.89,13.69,90.01,15.3
CAHUITA,9.75,-83.2,2023,8,29.89,23.24,10.66,87.54,15.38
CAHUITA,9.75,-83.2,2023,9,29.61,23.1,5.96,84.04,16.52
CAHUITA,9.75,-83.2,2023,10,29.25,23.57,18.15,87.25,14.83
CAHUITA,9.75,-83.2,2023,11,29.1,22.56,18.31,90.05,13.44
CAHUITA,9.75,-83.2,2023,12,28.1,22.37,9.04,87.82,15.33
CAHUITA,9.75,-83.2,2024,1,27.9,22.29,2.22,86.25,17.56
CAHUITA,9.75,-83.2,2024,2,28.75,20.9,8.23,85.26,18.13
CAHUITA,9.75,-83.2,2024,3,29.57,22.08,3.42,83.35,19.36
CAHUITA,9.75,-83.2,2024,4,28.96,22.76,8.66,83.19,17.96
CAHUITA,9.75,-83.2,2024,5,29.94,23.36,25.59,85.8,16.66
CAHUITA,9.75,-83.2,2024,6,29.99,23.72,39.34,88.76,15.57
CAHUITA,9.75,-83.2,2024,7,28.44,22.94,24.75,89.99,14.86
CAHUITA,9.75,-83.2,2024,8,28.78,22.66,8.78,85.65,15.89
CAHUITA,9.75,-83.2,2024,9,29.21,23.5,17.51,86.71,14.69
CAHUITA,9.75,-83.2,2024,10,28.74,22.79,17.34,88.51,14.92
CAHUITA,9.75,-83.2,2024,11,27.82,22.62,51.41,90.42,12.34
CAHUITA,9.75,-83.2,2024,12,27.39,22.2,15.03,89.5,12.85
CAHUITA,9.75,-83.2,2025,1,27.06,22.15,7.54,88.26,15.63
CAHUITA,9.75,-83.2,2025,2,27.5,22.33,4.48,86.12,17.11
CAHUITA,9.75,-83.2,2025,3,27.89,22.24,3.25,83.19,18.44
CAHUITA,9.75,-83.2,2025,4,28.68,22.87,14.45,85.74,16.29
CAHUITA,9.75,-83.2,2025,5,28.69,22.42,13.44,89.67,15.92
CAHUITA,9.75,-83.2,2025,6,28.57,22.91,18.91,89.88,14.83
CAHUITA,9.75,-83.2,2025,7,27.71,23.12,14.48,89.5,14.95
CAHUITA,9.75,-83.2,2025,8,27.91,21.95,6.96,87.24,15.71
CAHUITA,9.75,-83.2,2025,9,28.75,23.01,11.76,86.58,15.08
CAHUITA,9.75,-83.2,2025,10,28.18,22.98,14.76,88.06,14.18
CAHUITA,9.75,-83.2,2025,11,28.04,20.72,12.37,89.21,13.37
UATSI,9.65,-82.95,2019,1,25.53,16.01,1.05,87.23,17.12
UATSI,9.65,-82.95,2019,2,27.66,15.89,2.14,82.71,17.99
UATSI,9.65,-82.95,2019,3,26.46,16.58,6.73,84.84,16.42
UATSI,9.65,-82.95,2019,4,28.32,17.28,7.03,85.12,16.36
UATSI,9.65,-82.95,2019,5,27.38,18.77,14.66,91.4,15.57
UATSI,9.65,-82.95,2019,6,26.91,18.5,10.13,90.79,15.18
UATSI,9.65,-82.95,2019,7,26.53,17.5,7.56,90.52,14.52
UATSI,9.65,-82.95,2019,8,26.42,18.14,9.31,89.9,14.78
UATSI,9.65,-82.95,2019,9,27.15,16.22,8.67,89.56,15.39
UATSI,9.65,-82.95,2019,10,26.34,17.95,12.54,92.09,16.61
UATSI,9.65,-82.95,2019,11,25.8,16.0,12.27,90.2,12.93
UATSI,9.65,-82.95,2019,12,25.23,16.86,8.61,91.46,12.67
UATSI,9.65,-82.95,2020,1,25.04,17.15,6.6,90.56,14.53
UATSI,9.65,-82.95,2020,2,25.98,15.76,3.38,88.34,17.39
UATSI,9.65,-82.95,2020,3,26.17,16.44,1.2,84.73,20.35
UATSI,9.65,-82.95,2020,4,27.11,16.65,7.57,84.54,16.57
UATSI,9.65,-82.95,2020,5,27.86,18.24,8.22,89.0,15.83
UATSI,9.65,-82.95,2020,6,26.24,16.32,13.66,90.33,14.47
UATSI,9.65,-82.95,2020,7,26.17,15.74,7.26,89.86,15.81
UATSI,9.65,-82.95,2020,8,27.58,16.64,9.36,89.81,15.45
UATSI,9.65,-82.95,2020,9,26.74,17.07,9.51,87.29,18.03
UATSI,9.65,-82.95,2020,10,26.54,17.75,13.99,90.92,16.94
UATSI,9.65,-82.95,2020,11,26.41,17.12,17.15,91.48,14.75
UATSI,9.65,-82.95,2020,12,24.68,15.39,12.64,90.7,14.55
UATSI,9.65,-82.95,2021,1,24.61,15.53,4.89,89.83,15.36
UATSI,9.65,-82.95,2021,2,26.0,16.12,2.81,88.04,17.44
UATSI,9.65,-82.95,2021,3,26.0,14.75,7.57,86.19,17.59
UATSI,9.65,-82.95,2021,4,26.68,16.93,10.27,88.74,16.06
UATSI,9.65,-82.95,2021,5,27.29,17.27,13.2,91.4,14.76
UATSI,9.65,-82.95,2021,6,26.24,16.95,9.48,89.67,16.0
UATSI,9.65,-82.95,2021,7,26.06,16.96,10.94,90.96,13.8
UATSI,9.65,-82.95,2021,8,25.89,17.63,11.43,90.25,15.62
UATSI,9.65,-82.95,2021,9,26.88,17.87,7.73,88.49,16.35
UATSI,9.65,-82.95,2021,10,26.51,17.87,8.4,89.91,17.02
UATSI,9.65,-82.95,2021,11,26.39,16.61,6.67,89.25,14.07
UATSI,9.65,-82.95,2021,12,25.26,16.97,6.25,91.33,14.1
UATSI,9.65,-82.95,2022,1,24.78,16.21,1.77,87.77,17.97
UATSI,9.65,-82.95,2022,2,24.52,14.52,2.42,85.93,17.93
UATSI,9.65,-82.95,2022,3,27.41,15.25,5.53,85.08,18.49
UATSI,9.65,-82.95,2022,4,27.07,17.41,11.24,87.58,16.28
UATSI,9.65,-82.95,2022,5,27.11,17.79,7.82,90.19,17.02
UATSI,9.65,-82.95,2022,6,26.62,17.03,15.52,92.19,15.04
UATSI,9.65,-82.95,2022,7,25.55,17.53,9.62,91.56,14.58
UATSI,9.65,-82.95,2022,8,26.4,16.03,9.87,89.12,17.53
UATSI,9.65,-82.95,2022,9,26.08,18.12,11.96,90.08,16.83
UATSI,9.65,-82.95,2022,10,26.35,17.89,8.86,89.94,15.79
UATSI,9.65,-82.95,2022,11,26.41,16.39,11.66,92.49,12.79
UATSI,9.65,-82.95,2022,12,24.66,15.98,4.91,90.04,13.96
UATSI,9.65,-82.95,2023,1,24.28,16.28,3.82,89.65,16.18
UATSI,9.65,-82.95,2023,2,25.02,15.16,4.56,88.0,17.34
UATSI,9.65,-82.95,2023,3,26.19,16.38,4.52,87.58,18.07
UATSI,9.65,-82.95,2023,4,27.9,16.16,4.33,85.41,19.74
UATSI,9.65,-82.95,2023,5,27.84,17.5,6.48,86.16,18.96
UATSI,9.65,-82.95,2023,6,27.0,17.31,10.32,89.75,16.67
UATSI,9.65,-82.95,2023,7,27.06,17.43,12.6,90.74,14.82
UATSI,9.65,-82.95,2023,8,27.94,18.65,8.42,89.83,15.91
UATSI,9.65,-82.95,2023,9,27.57,17.68,6.25,86.89,16.62
UATSI,9.65,-82.95,2023,10,26.62,18.06,13.65,91.46,16.0
UATSI,9.65,-82.95,2023,11,26.93,17.77,13.44,92.95,13.58
UATSI,9.65,-82.95,2023,12,26.12,17.63,6.82,91.01,14.56
UATSI,9.65,-82.95,2024,1,26.06,17.33,1.63,89.31,16.3
UATSI,9.65,-82.95,2024,2,26.96,15.88,5.39,87.58,16.37
UATSI,9.65,-82.95,2024,3,29.01,16.28,2.73,84.38,19.72
UATSI,9.65,-82.95,2024,4,28.31,16.31,7.83,85.52,18.08
UATSI,9.65,-82.95,2024,5,28.09,19.15,13.22,88.77,17.52
UATSI,9.65,-82.95,2024,6,27.3,18.8,26.84,91.79,16.05
UATSI,9.65,-82.95,2024,7,26.72,18.23,15.94,91.98,13.74
UATSI,9.65,-82.95,2024,8,26.95,18.49,7.38,88.59,15.77
UATSI,9.65,-82.95,2024,9,27.68,19.28,12.35,89.07,15.22
UATSI,9.65,-82.95,2024,10,27.32,18.07,12.87,91.94,15.78
UATSI,9.65,-82.95,2024,11,25.75,17.89,28.57,92.66,15.1
UATSI,9.65,-82.95,2024,12,25.24,16.99,11.1,92.4,12.03
UATSI,9.65,-82.95,2025,1,24.99,16.64,5.63,90.75,14.19
UATSI,9.65,-82.95,2025,2,26.42,17.27,3.5,88.59,15.98
UATSI,9.65,-82.95,2025,3,26.8,16.92,3.96,86.01,18.66
UATSI,9.65,-82.95,2025,4,27.02,17.45,9.74,87.91,14.83
UATSI,9.65,-82.95,2025,5,26.96,17.13,11.47,91.85,15.55
UATSI,9.65,-82.95,2025,6,27.29,18.37,13.22,91.69,14.14
UATSI,9.65,-82.95,2025,7,25.98,18.11,8.34,90.79,13.54
UATSI,9.65,-82.95,2025,8,26.5,16.78,5.53,89.16,16.48
UATSI,9.65,-82.95,2025,9,27.4,17.9,8.54,89.52,15.13
UATSI,9.65,-82.95,2025,10,25.78,17.79,10.79,91.11,15.04
UATSI,9.65,-82.95,2025,11,26.0,15.98,9.0,92.01,12.07
TURRIALBA (BANANO ALTURA),9.9,-83.75,2019,1,25.95,15.13,0.73,87.04,18.42
TURRIALBA (BANANO ALTURA),9.9,-83.75,2019,2,28.68,14.89,1.52,80.66,19.23
TURRIALBA (BANANO ALTURA),9.9,-83.75,2019,3,27.81,15.39,4.71,83.69,19.46
TURRIALBA (BANANO ALTURA),9.9,-83.75,2019,4,29.62,16.25,4.75,82.1,17.41
TURRIALBA (BANANO ALTURA),9.9,-83.75,2019,5,27.74,17.6,13.5,91.47,15.13
TURRIALBA (BANANO ALTURA),9.9,-83.75,2019,6,26.28,16.99,8.53,91.58,16.38
TURRIALBA (BANANO ALTURA),9.9,-83.75,2019,7,26.21,16.24,6.26,91.08,16.34
TURRIALBA (BANANO ALTURA),9.9,-83.75,2019,8,26.22,16.71,8.3,91.24,15.01
TURRIALBA (BANANO ALTURA),9.9,-83.75,2019,9,26.44,14.89,9.8,91.37,15.45
TURRIALBA (BANANO ALTURA),9.9,-83.75,2019,10,25.66,16.04,12.51,93.36,15.4
TURRIALBA (BANANO ALTURA),9.9,-83.75,2019,11,25.17,14.19,9.94,91.56,15.06
TURRIALBA (BANANO ALTURA),9.9,-83.75,2019,12,24.73,15.99,6.34,91.88,14.36
TURRIALBA (BANANO ALTURA),9.9,-83.75,2020,1,24.93,16.08,4.42,90.99,15.95
TURRIALBA (BANANO ALTURA),9.9,-83.75,2020,2,25.54,13.96,2.55,89.05,19.76
TURRIALBA (BANANO ALTURA),9.9,-83.75,2020,3,27.16,15.73,0.82,83.52,22.22
TURRIALBA (BANANO ALTURA),9.9,-83.75,2020,4,28.54,15.52,6.57,83.35,17.83
TURRIALBA (BANANO ALTURA),9.9,-83.75,2020,5,28.0,17.21,7.76,88.7,15.58
TURRIALBA (BANANO ALTURA),9.9,-83.75,2020,6,26.39,15.56,13.64,91.46,15.27
TURRIALBA (BANANO ALTURA),9.9,-83.75,2020,7,25.75,14.07,6.98,90.94,15.97
TURRIALBA (BANANO ALTURA),9.9,-83.75,2020,8,27.24,14.97,7.83,90.98,15.82
TURRIALBA (BANANO ALTURA),9.9,-83.75,2020,9,26.1,14.82,8.88,89.58,16.92
TURRIALBA (BANANO ALTURA),9.9,-83.75,2020,10,25.92,16.48,13.55,92.39,15.11
TURRIALBA (BANANO ALTURA),9.9,-83.75,2020,11,26.19,16.56,16.18,92.52,13.64
TURRIALBA (BANANO ALTURA),9.9,-83.75,2020,12,24.26,13.57,10.77,91.87,15.25
TURRIALBA (BANANO ALTURA),9.9,-83.75,2021,1,24.24,13.59,3.27,90.49,16.64
TURRIALBA (BANANO ALTURA),9.9,-83.75,2021,2,25.43,15.41,1.53,87.9,17.81
TURRIALBA (BANANO ALTURA),9.9,-83.75,2021,3,26.89,13.38,5.2,85.54,19.22
TURRIALBA (BANANO ALTURA),9.9,-83.75,2021,4,26.94,15.34,9.74,88.86,16.09
TURRIALBA (BANANO ALTURA),9.9,-83.75,2021,5,27.07,15.95,10.32,91.07,15.41
TURRIALBA (BANANO ALTURA),9.9,-83.75,2021,6,25.98,15.07,9.86,90.93,16.51
TURRIALBA (BANANO ALTURA),9.9,-83.75,2021,7,25.91,16.23,9.89,91.44,14.79
TURRIALBA (BANANO ALTURA),9.9,-83.75,2021,8,25.09,15.62,12.41,91.23,15.51
TURRIALBA (BANANO ALTURA),9.9,-83.75,2021,9,26.4,16.71,7.95,90.36,16.11
TURRIALBA (BANANO ALTURA),9.9,-83.75,2021,10,26.15,16.38,7.6,90.83,15.69
TURRIALBA (BANANO ALTURA),9.9,-83.75,2021,11,25.94,14.78,4.09,90.33,14.43
TURRIALBA (BANANO ALTURA),9.9,-83.75,2021,12,24.62,16.47,4.18,91.61,15.52
TURRIALBA (BANANO ALTURA),9.9,-83.75,2022,1,24.56,15.2,1.4,87.92,18.93
TURRIALBA (BANANO ALTURA),9.9,-83.75,2022,2,24.92,12.54,1.65,84.07,19.48
TURRIALBA (BANANO ALTURA),9.9,-83.75,2022,3,27.35,14.26,7.19,84.93,20.52
TURRIALBA (BANANO ALTURA),9.9,-83.75,2022,4,27.35,15.8,8.26,87.36,16.19
TURRIALBA (BANANO ALTURA),9.9,-83.75,2022,5,27.06,16.22,8.59,90.6,15.32
TURRIALBA (BANANO ALTURA),9.9,-83.75,2022,6,26.71,15.3,15.96,92.94,14.87
TURRIALBA (BANANO ALTURA),9.9,-83.75,2022,7,25.66,16.29,7.43,92.15,14.79
TURRIALBA (BANANO ALTURA),9.9,-83.75,2022,8,26.22,15.27,6.15,89.93,15.89
TURRIALBA (BANANO ALTURA),9.9,-83.75,2022,9,26.33,16.89,10.84,91.01,15.73
TURRIALBA (BANANO ALTURA),9.9,-83.75,2022,10,25.53,16.11,9.1,91.46,14.53
TURRIALBA (BANANO ALTURA),9.9,-83.75,2022,11,25.67,15.34,11.4,92.97,12.72
TURRIALBA (BANANO ALTURA),9.9,-83.75,2022,12,24.12,15.47,3.39,90.88,15.11
TURRIALBA (BANANO ALTURA),9.9,-83.75,2023,1,23.81,14.71,2.61,90.2,16.67
TURRIALBA (BANANO ALTURA),9.9,-83.75,2023,2,25.5,13.53,3.12,88.15,18.49
TURRIALBA (BANANO ALTURA),9.9,-83.75,2023,3,26.88,15.29,4.89,87.55,17.7
TURRIALBA (BANANO ALTURA),9.9,-83.75,2023,4,29.09,14.76,3.41,83.38,18.51
TURRIALBA (BANANO ALTURA),9.9,-83.75,2023,5,28.39,16.99,7.45,85.51,17.89
TURRIALBA (BANANO ALTURA),9.9,-83.75,2023,6,27.36,15.81,9.71,90.52,16.5
TURRIALBA (BANANO ALTURA),9.9,-83.75,2023,7,26.35,16.89,9.46,91.8,15.3
TURRIALBA (BANANO ALTURA),9.9,-83.75,2023,8,27.28,17.24,7.49,90.84,15.38
TURRIALBA (BANANO ALTURA),9.9,-83.75,2023,9,26.95,15.9,5.91,88.68,16.52
TURRIALBA (BANANO ALTURA),9.9,-83.75,2023,10,26.68,17.48,12.31,92.57,14.83
TURRIALBA (BANANO ALTURA),9.9,-83.75,2023,11,26.1,16.67,9.81,93.77,13.44
TURRIALBA (BANANO ALTURA),9.9,-83.75,2023,12,25.7,16.68,4.84,91.62,15.33
TURRIALBA (BANANO ALTURA),9.9,-83.75,2024,1,25.79,15.93,1.09,89.62,17.56
TURRIALBA (BANANO ALTURA),9.9,-83.75,2024,2,26.77,13.93,4.05,87.47,18.13
TURRIALBA (BANANO ALTURA),9.9,-83.75,2024,3,30.59,14.21,2.08,81.79,19.36
TURRIALBA (BANANO ALTURA),9.9,-83.75,2024,4,29.97,14.95,5.72,83.24,17.96
TURRIALBA (BANANO ALTURA),9.9,-83.75,2024,5,29.0,16.76,25.32,87.56,16.66
TURRIALBA (BANANO ALTURA),9.9,-83.75,2024,6,26.71,17.71,25.62,92.91,15.57
TURRIALBA (BANANO ALTURA),9.9,-83.75,2024,7,26.2,16.85,17.4,93.1,14.86
TURRIALBA (BANANO ALTURA),9.9,-83.75,2024,8,26.39,17.28,6.5,90.32,15.89
TURRIALBA (BANANO ALTURA),9.9,-83.75,2024,9,27.05,17.87,13.11,91.03,14.69
TURRIALBA (BANANO ALTURA),9.9,-83.75,2024,10,26.76,17.47,12.39,93.06,14.92
TURRIALBA (BANANO ALTURA),9.9,-83.75,2024,11,25.46,16.24,25.99,94.04,12.34
TURRIALBA (BANANO ALTURA),9.9,-83.75,2024,12,24.69,16.22,7.89,93.15,12.85
TURRIALBA (BANANO ALTURA),9.9,-83.75,2025,1,24.42,14.9,3.95,91.29,15.63
TURRIALBA (BANANO ALTURA),9.9,-83.75,2025,2,26.03,15.61,2.06,88.61,17.11
TURRIALBA (BANANO ALTURA),9.9,-83.75,2025,3,27.44,15.96,2.53,84.79,18.44
TURRIALBA (BANANO ALTURA),9.9,-83.75,2025,4,27.01,16.5,11.42,87.64,16.29
TURRIALBA (BANANO ALTURA),9.9,-83.75,2025,5,26.25,16.62,11.77,92.25,15.92
TURRIALBA (BANANO ALTURA),9.9,-83.75,2025,6,26.53,17.15,16.01,92.72,14.83
TURRIALBA (BANANO ALTURA),9.9,-83.75,2025,7,25.72,17.18,7.78,91.78,14.95
TURRIALBA (BANANO ALTURA),9.9,-83.75,2025,8,25.95,15.8,5.06,90.16,15.71
TURRIALBA (BANANO ALTURA),9.9,-83.75,2025,9,26.64,16.58,10.95,90.97,15.08
TURRIALBA (BANANO ALTURA),9.9,-83.75,2025,10,25.65,16.93,12.1,92.24,14.18
TURRIALBA (BANANO ALTURA),9.9,-83.75,2025,11,26.15,14.71,6.93,92.71,13.37
