fecha,compra,venta
2019-01-01 00:00:00,604.39,611.75
2019-01-02 00:00:00,604.39,611.75
2019-01-03 00:00:00,603.01,611.55
2019-01-04 00:00:00,604.77,611.68
2019-01-05 00:00:00,602.4,611.55
2019-01-06 00:00:00,602.4,611.55
2019-01-07 00:00:00,602.4,611.55
2019-01-08 00:00:00,605.39,612.93
2019-01-09 00:00:00,604.83,612.21
2019-01-10 00:00:00,605.61,612.12
2019-01-11 00:00:00,604.86,610.49
2019-01-12 00:00:00,602.3,608.8
2019-01-13 00:00:00,602.3,608.8
2019-01-14 00:00:00,602.3,608.8
2019-01-15 00:00:00,599.81,606.63
2019-01-16 00:00:00,598.84,605.08
2019-01-17 00:00:00,596.67,602.97
2019-01-18 00:00:00,597.13,603.52
2019-01-19 00:00:00,597.0,604.7
2019-01-20 00:00:00,597.0,604.7
2019-01-21 00:00:00,597.0,604.7
2019-01-22 00:00:00,597.49,605.15
2019-01-23 00:00:00,598.6,606.56
2019-01-24 00:00:00,603.22,608.11
2019-01-25 00:00:00,605.03,610.7
2019-01-26 00:00:00,606.26,612.6
2019-01-27 00:00:00,606.26,612.6
2019-01-28 00:00:00,606.26,612.6
2019-01-29 00:00:00,606.85,613.97
2019-01-30 00:00:00,608.99,614.95
2019-01-31 00:00:00,607.85,614.17
2019-02-01 00:00:00,608.04,614.32
2019-02-02 00:00:00,607.4,615.31
2019-02-03 00:00:00,607.4,615.31
2019-02-04 00:00:00,607.4,615.31
2019-02-05 00:00:00,606.03,616.4
2019-02-06 00:00:00,608.51,616.45
2019-02-07 00:00:00,608.11,615.35
2019-02-08 00:00:00,610.01,615.12
2019-02-09 00:00:00,608.78,614.96
2019-02-10 00:00:00,608.78,614.96
2019-02-11 00:00:00,608.78,614.96
2019-02-12 00:00:00,607.96,615.06
2019-02-13 00:00:00,608.15,614.08
2019-02-14 00:00:00,607.24,612.76
2019-02-15 00:00:00,607.17,612.42
2019-02-16 00:00:00,604.45,611.36
2019-02-17 00:00:00,604.45,611.36
2019-02-18 00:00:00,604.45,611.36
2019-02-19 00:00:00,605.64,611.2
2019-02-20 00:00:00,605.76,612.62
2019-02-21 00:00:00,606.89,612.0
2019-02-22 00:00:00,605.97,611.69
2019-02-23 00:00:00,606.05,611.12
2019-02-24 00:00:00,606.05,611.12
2019-02-25 00:00:00,606.05,611.12
2019-02-26 00:00:00,604.97,612.21
2019-02-27 00:00:00,605.35,611.66
2019-02-28 00:00:00,605.05,610.72
2019-03-01 00:00:00,604.08,609.76
2019-03-02 00:00:00,602.58,609.32
2019-03-03 00:00:00,602.58,609.32
2019-03-04 00:00:00,602.58,609.32
2019-03-05 00:00:00,602.87,608.5
2019-03-06 00:00:00,603.97,610.37
2019-03-07 00:00:00,605.74,611.11
2019-03-08 00:00:00,605.89,611.39
2019-03-09 00:00:00,604.45,610.76
2019-03-10 00:00:00,604.45,610.76
2019-03-11 00:00:00,604.45,610.76
2019-03-12 00:00:00,602.37,608.21
2019-03-13 00:00:00,601.13,607.25
2019-03-14 00:00:00,599.23,604.75
2019-03-15 00:00:00,596.83,601.76
2019-03-16 00:00:00,594.28,600.62
2019-03-17 00:00:00,594.28,600.62
2019-03-18 00:00:00,594.28,600.62
2019-03-19 00:00:00,592.67,598.73
2019-03-20 00:00:00,592.09,600.39
2019-03-21 00:00:00,597.7,603.16
2019-03-22 00:00:00,598.76,605.23
2019-03-23 00:00:00,604.62,612.61
2019-03-24 00:00:00,604.62,612.61
2019-03-25 00:00:00,604.62,612.61
2019-03-26 00:00:00,604.5,610.54
2019-03-27 00:00:00,601.65,608.14
2019-03-28 00:00:00,600.64,606.75
2019-03-29 00:00:00,598.41,603.85
2019-03-30 00:00:00,596.04,602.36
2019-03-31 00:00:00,596.04,602.36
2019-04-01 00:00:00,596.04,602.36
2019-04-02 00:00:00,595.0,602.74
2019-04-03 00:00:00,597.18,605.49
2019-04-04 00:00:00,602.41,608.93
2019-04-05 00:00:00,604.31,609.46
2019-04-06 00:00:00,601.99,608.58
2019-04-07 00:00:00,601.99,608.58
2019-04-08 00:00:00,601.99,608.58
2019-04-09 00:00:00,601.42,607.96
2019-04-10 00:00:00,599.82,605.3
2019-04-11 00:00:00,598.67,603.7
2019-04-12 00:00:00,598.67,603.7
2019-04-13 00:00:00,596.34,602.69
2019-04-14 00:00:00,596.34,602.69
2019-04-15 00:00:00,596.34,602.69
2019-04-16 00:00:00,595.01,600.73
2019-04-17 00:00:00,592.91,598.79
2019-04-18 00:00:00,592.5,598.63
2019-04-19 00:00:00,592.5,598.63
2019-04-20 00:00:00,592.5,598.63
2019-04-21 00:00:00,592.5,598.63
2019-04-22 00:00:00,592.5,598.63
2019-04-23 00:00:00,593.76,601.24
2019-04-24 00:00:00,596.66,603.51
2019-04-25 00:00:00,598.81,605.24
2019-04-26 00:00:00,597.0,603.05
2019-04-27 00:00:00,594.26,599.75
2019-04-28 00:00:00,594.26,599.75
2019-04-29 00:00:00,594.26,599.75
2019-04-30 00:00:00,592.98,599.09
2019-05-01 00:00:00,592.27,598.9
2019-05-02 00:00:00,592.27,598.9
2019-05-03 00:00:00,593.09,599.48
2019-05-04 00:00:00,591.37,598.34
2019-05-05 00:00:00,591.37,598.34
2019-05-06 00:00:00,591.37,598.34
2019-05-07 00:00:00,591.14,598.76
2019-05-08 00:00:00,591.57,599.1
2019-05-09 00:00:00,591.88,597.82
2019-05-10 00:00:00,592.28,598.45
2019-05-11 00:00:00,591.91,597.68
2019-05-12 00:00:00,591.91,597.68
2019-05-13 00:00:00,591.91,597.68
2019-05-14 00:00:00,590.86,596.5
2019-05-15 00:00:00,588.8,594.57
2019-05-16 00:00:00,586.7,592.66
2019-05-17 00:00:00,584.48,591.45
2019-05-18 00:00:00,584.01,590.91
2019-05-19 00:00:00,584.01,590.91
2019-05-20 00:00:00,584.01,590.91
2019-05-21 00:00:00,584.57,591.28
2019-05-22 00:00:00,584.47,591.09
2019-05-23 00:00:00,587.46,593.71
2019-05-24 00:00:00,587.89,594.03
2019-05-25 00:00:00,588.41,594.97
2019-05-26 00:00:00,588.41,594.97
2019-05-27 00:00:00,588.41,594.97
2019-05-28 00:00:00,587.93,594.51
2019-05-29 00:00:00,587.05,592.86
2019-05-30 00:00:00,585.97,591.24
2019-05-31 00:00:00,584.11,590.54
2019-06-01 00:00:00,583.49,591.03
2019-06-02 00:00:00,583.49,591.03
2019-06-03 00:00:00,583.49,591.03
2019-06-04 00:00:00,583.91,591.07
2019-06-05 00:00:00,585.32,593.65
2019-06-06 00:00:00,589.38,594.5
2019-06-07 00:00:00,589.42,596.5
2019-06-08 00:00:00,588.66,595.4
2019-06-09 00:00:00,588.66,595.4
2019-06-10 00:00:00,588.66,595.4
2019-06-11 00:00:00,586.02,592.68
2019-06-12 00:00:00,584.85,591.39
2019-06-13 00:00:00,586.62,589.59
2019-06-14 00:00:00,582.59,588.52
2019-06-15 00:00:00,581.13,588.89
2019-06-16 00:00:00,581.13,588.89
2019-06-17 00:00:00,581.13,588.89
2019-06-18 00:00:00,580.66,587.86
2019-06-19 00:00:00,580.8,587.43
2019-06-20 00:00:00,581.92,589.16
2019-06-21 00:00:00,581.65,587.95
2019-06-22 00:00:00,581.72,588.06
2019-06-23 00:00:00,581.72,588.06
2019-06-24 00:00:00,581.72,588.06
2019-06-25 00:00:00,581.18,587.81
2019-06-26 00:00:00,580.76,587.13
2019-06-27 00:00:00,578.98,586.31
2019-06-28 00:00:00,578.35,585.45
2019-06-29 00:00:00,576.72,583.64
2019-06-30 00:00:00,576.72,583.64
2019-07-01 00:00:00,576.72,583.64
2019-07-02 00:00:00,574.89,583.23
2019-07-03 00:00:00,576.49,583.31
2019-07-04 00:00:00,578.17,585.17
2019-07-05 00:00:00,579.32,585.83
2019-07-06 00:00:00,578.21,585.77
2019-07-07 00:00:00,578.21,585.77
2019-07-08 00:00:00,578.21,585.77
2019-07-09 00:00:00,578.34,585.53
2019-07-10 00:00:00,579.47,585.5
2019-07-11 00:00:00,579.1,584.18
2019-07-12 00:00:00,578.21,584.05
2019-07-13 00:00:00,575.32,582.11
2019-07-14 00:00:00,575.32,582.11
2019-07-15 00:00:00,575.32,582.11
2019-07-16 00:00:00,572.15,578.39
2019-07-17 00:00:00,571.58,577.89
2019-07-18 00:00:00,572.27,578.31
2019-07-19 00:00:00,571.81,578.78
2019-07-20 00:00:00,570.73,577.37
2019-07-21 00:00:00,570.73,577.37
2019-07-22 00:00:00,570.73,577.37
2019-07-23 00:00:00,569.91,576.82
2019-07-24 00:00:00,570.44,575.97
2019-07-25 00:00:00,570.31,575.69
2019-07-26 00:00:00,570.31,575.69
2019-07-27 00:00:00,568.86,574.94
2019-07-28 00:00:00,568.86,574.94
2019-07-29 00:00:00,568.86,574.94
2019-07-30 00:00:00,567.5,573.97
2019-07-31 00:00:00,567.11,573.46
2019-08-01 00:00:00,566.52,572.26
2019-08-02 00:00:00,566.6,573.55
2019-08-03 00:00:00,566.6,573.55
2019-08-04 00:00:00,566.6,573.55
2019-08-05 00:00:00,566.6,573.55
2019-08-06 00:00:00,565.44,573.27
2019-08-07 00:00:00,565.2,573.18
2019-08-08 00:00:00,566.95,573.32
2019-08-09 00:00:00,567.31,573.53
2019-08-10 00:00:00,567.34,574.07
2019-08-11 00:00:00,567.34,574.07
2019-08-12 00:00:00,567.34,574.07
2019-08-13 00:00:00,567.07,573.62
2019-08-14 00:00:00,566.6,572.43
2019-08-15 00:00:00,565.42,571.3
2019-08-16 00:00:00,565.42,571.3
2019-08-17 00:00:00,563.82,570.46
2019-08-18 00:00:00,563.82,570.46
2019-08-19 00:00:00,563.82,570.46
2019-08-20 00:00:00,562.23,569.92
2019-08-21 00:00:00,561.39,568.07
2019-08-22 00:00:00,561.75,568.45
2019-08-23 00:00:00,562.94,569.53
2019-08-24 00:00:00,563.07,570.2
2019-08-25 00:00:00,563.07,570.2
2019-08-26 00:00:00,563.07,570.2
2019-08-27 00:00:00,562.87,570.17
2019-08-28 00:00:00,563.95,570.03
2019-08-29 00:00:00,565.17,570.99
2019-08-30 00:00:00,566.45,572.89
2019-08-31 00:00:00,567.66,575.16
2019-09-01 00:00:00,567.66,575.16
2019-09-02 00:00:00,567.66,575.16
2019-09-03 00:00:00,568.57,577.15
2019-09-04 00:00:00,573.02,579.59
2019-09-05 00:00:00,574.08,580.82
2019-09-06 00:00:00,576.2,582.67
2019-09-07 00:00:00,575.05,581.13
2019-09-08 00:00:00,575.05,581.13
2019-09-09 00:00:00,575.05,581.13
2019-09-10 00:00:00,573.58,579.79
2019-09-11 00:00:00,571.93,577.96
2019-09-12 00:00:00,571.18,577.28
2019-09-13 00:00:00,572.08,578.83
2019-09-14 00:00:00,572.43,579.66
2019-09-15 00:00:00,572.43,579.66
2019-09-16 00:00:00,572.43,579.66
2019-09-17 00:00:00,572.98,580.49
2019-09-18 00:00:00,574.73,580.77
2019-09-19 00:00:00,574.83,582.0
2019-09-20 00:00:00,576.05,583.55
2019-09-21 00:00:00,576.71,583.86
2019-09-22 00:00:00,576.71,583.86
2019-09-23 00:00:00,576.71,583.86
2019-09-24 00:00:00,578.31,585.06
2019-09-25 00:00:00,579.57,585.84
2019-09-26 00:00:00,578.67,585.43
2019-09-27 00:00:00,578.99,584.74
2019-09-28 00:00:00,577.93,583.88
2019-09-29 00:00:00,577.93,583.88
2019-09-30 00:00:00,577.93,583.88
2019-10-01 00:00:00,576.58,583.46
2019-10-02 00:00:00,576.29,583.23
2019-10-03 00:00:00,577.82,585.11
2019-10-04 00:00:00,579.41,585.76
2019-10-05 00:00:00,578.1,585.88
2019-10-06 00:00:00,578.1,585.88
2019-10-07 00:00:00,578.1,585.88
2019-10-08 00:00:00,577.42,585.11
2019-10-09 00:00:00,578.1,584.46
2019-10-10 00:00:00,578.5,583.98
2019-10-11 00:00:00,578.28,583.69
2019-10-12 00:00:00,576.37,583.57
2019-10-13 00:00:00,576.37,583.57
2019-10-14 00:00:00,576.37,583.57
2019-10-15 00:00:00,574.86,581.85
2019-10-16 00:00:00,574.45,580.84
2019-10-17 00:00:00,576.41,582.42
2019-10-18 00:00:00,575.95,582.66
2019-10-19 00:00:00,577.13,583.79
2019-10-20 00:00:00,577.13,583.79
2019-10-21 00:00:00,577.13,583.79
2019-10-22 00:00:00,578.93,585.42
2019-10-23 00:00:00,577.82,585.88
2019-10-24 00:00:00,579.2,586.0
2019-10-25 00:00:00,581.49,586.66
2019-10-26 00:00:00,579.25,585.91
2019-10-27 00:00:00,579.25,585.91
2019-10-28 00:00:00,579.25,585.91
2019-10-29 00:00:00,578.1,584.91
2019-10-30 00:00:00,579.36,585.31
2019-10-31 00:00:00,579.86,585.39
2019-11-01 00:00:00,581.05,585.89
2019-11-02 00:00:00,580.34,587.5
2019-11-03 00:00:00,580.34,587.5
2019-11-04 00:00:00,580.34,587.5
2019-11-05 00:00:00,578.86,587.75
2019-11-06 00:00:00,581.08,587.94
2019-11-07 00:00:00,581.66,588.06
2019-11-08 00:00:00,581.61,586.18
2019-11-09 00:00:00,579.76,586.21
2019-11-10 00:00:00,579.76,586.21
2019-11-11 00:00:00,579.76,586.21
2019-11-12 00:00:00,578.69,585.86
2019-11-13 00:00:00,577.98,584.69
2019-11-14 00:00:00,577.49,583.26
2019-11-15 00:00:00,576.19,582.36
2019-11-16 00:00:00,573.76,579.99
2019-11-17 00:00:00,573.76,579.99
2019-11-18 00:00:00,573.76,579.99
2019-11-19 00:00:00,570.97,578.48
2019-11-20 00:00:00,569.76,576.44
2019-11-21 00:00:00,569.74,576.71
2019-11-22 00:00:00,568.17,573.72
2019-11-23 00:00:00,565.43,571.8
2019-11-24 00:00:00,565.43,571.8
2019-11-25 00:00:00,565.43,571.8
2019-11-26 00:00:00,562.54,571.23
2019-11-27 00:00:00,561.57,567.77
2019-11-28 00:00:00,560.45,566.37
2019-11-29 00:00:00,559.83,566.56
2019-11-30 00:00:00,558.9,565.89
2019-12-01 00:00:00,558.9,565.89
2019-12-02 00:00:00,558.9,565.89
2019-12-03 00:00:00,560.22,567.65
2019-12-04 00:00:00,563.53,572.01
2019-12-05 00:00:00,563.99,571.81
2019-12-06 00:00:00,566.91,573.19
2019-12-07 00:00:00,565.08,572.22
2019-12-08 00:00:00,565.08,572.22
2019-12-09 00:00:00,565.08,572.22
2019-12-10 00:00:00,565.59,572.08
2019-12-11 00:00:00,567.59,573.52
2019-12-12 00:00:00,567.6,574.59
2019-12-13 00:00:00,566.61,572.52
2019-12-14 00:00:00,563.73,570.76
2019-12-15 00:00:00,563.73,570.76
2019-12-16 00:00:00,563.73,570.76
2019-12-17 00:00:00,562.33,570.05
2019-12-18 00:00:00,562.52,569.16
2019-12-19 00:00:00,563.65,569.29
2019-12-20 00:00:00,562.52,569.89
2019-12-21 00:00:00,563.21,569.57
2019-12-22 00:00:00,563.21,569.57
2019-12-23 00:00:00,563.21,569.57
2019-12-24 00:00:00,564.72,571.81
2019-12-25 00:00:00,568.49,574.93
2019-12-26 00:00:00,568.49,574.93
2019-12-27 00:00:00,569.34,575.66
2019-12-28 00:00:00,569.93,575.56
2019-12-29 00:00:00,569.93,575.56
2019-12-30 00:00:00,569.93,575.56
2019-12-31 00:00:00,570.09,576.49
2020-01-01 00:00:00,570.09,576.49
2020-01-02 00:00:00,570.09,576.49
2020-01-03 00:00:00,569.5,576.3
2020-01-04 00:00:00,569.37,576.24
2020-01-05 00:00:00,569.37,576.24
2020-01-06 00:00:00,569.37,576.24
2020-01-07 00:00:00,567.47,576.37
2020-01-08 00:00:00,569.58,576.72
2020-01-09 00:00:00,569.47,576.74
2020-01-10 00:00:00,569.84,576.49
2020-01-11 00:00:00,568.61,575.93
2020-01-12 00:00:00,568.61,575.93
2020-01-13 00:00:00,568.61,575.93
2020-01-14 00:00:00,566.59,573.34
2020-01-15 00:00:00,565.82,572.01
2020-01-16 00:00:00,564.67,570.74
2020-01-17 00:00:00,563.37,569.43
2020-01-18 00:00:00,561.47,568.43
2020-01-19 00:00:00,561.47,568.43
2020-01-20 00:00:00,561.47,568.43
2020-01-21 00:00:00,561.54,568.42
2020-01-22 00:00:00,563.46,570.32
2020-01-23 00:00:00,565.35,572.03
2020-01-24 00:00:00,567.19,573.61
2020-01-25 00:00:00,566.44,573.51
2020-01-26 00:00:00,566.44,573.51
2020-01-27 00:00:00,566.44,573.51
2020-01-28 00:00:00,565.53,573.13
2020-01-29 00:00:00,566.55,572.64
2020-01-30 00:00:00,567.26,573.08
2020-01-31 00:00:00,567.06,573.36
2020-02-01 00:00:00,566.38,573.61
2020-02-02 00:00:00,566.38,573.61
2020-02-03 00:00:00,566.38,573.61
2020-02-04 00:00:00,567.47,576.12
2020-02-05 00:00:00,571.5,578.69
2020-02-06 00:00:00,572.7,578.64
2020-02-07 00:00:00,572.69,579.34
2020-02-08 00:00:00,570.4,577.83
2020-02-09 00:00:00,570.4,577.83
2020-02-10 00:00:00,570.4,577.83
2020-02-11 00:00:00,568.5,576.3
2020-02-12 00:00:00,568.17,574.43
2020-02-13 00:00:00,566.8,572.52
2020-02-14 00:00:00,565.61,571.22
2020-02-15 00:00:00,563.98,570.33
2020-02-16 00:00:00,563.98,570.33
2020-02-17 00:00:00,563.98,570.33
2020-02-18 00:00:00,564.12,571.63
2020-02-19 00:00:00,566.03,573.02
2020-02-20 00:00:00,567.06,574.93
2020-02-21 00:00:00,569.08,575.34
2020-02-22 00:00:00,569.46,575.93
2020-02-23 00:00:00,569.46,575.93
2020-02-24 00:00:00,569.46,575.93
2020-02-25 00:00:00,568.77,575.03
2020-02-26 00:00:00,568.63,574.68
2020-02-27 00:00:00,567.15,572.68
2020-02-28 00:00:00,565.84,571.54
2020-02-29 00:00:00,565.87,572.33
2020-03-01 00:00:00,565.87,572.33
2020-03-02 00:00:00,565.87,572.33
2020-03-03 00:00:00,566.37,574.39
2020-03-04 00:00:00,569.08,576.37
2020-03-05 00:00:00,569.61,578.08
2020-03-06 00:00:00,569.7,576.57
2020-03-07 00:00:00,566.21,573.35
2020-03-08 00:00:00,566.21,573.35
2020-03-09 00:00:00,566.21,573.35
2020-03-10 00:00:00,565.13,572.37
2020-03-11 00:00:00,564.57,570.25
2020-03-12 00:00:00,561.7,567.42
2020-03-13 00:00:00,562.21,568.0
2020-03-14 00:00:00,560.66,567.68
2020-03-15 00:00:00,560.66,567.68
2020-03-16 00:00:00,560.66,567.68
2020-03-17 00:00:00,560.75,568.32
2020-03-18 00:00:00,563.22,568.7
2020-03-19 00:00:00,563.38,569.74
2020-03-20 00:00:00,564.8,570.64
2020-03-21 00:00:00,565.64,573.56
2020-03-22 00:00:00,565.64,573.56
2020-03-23 00:00:00,565.64,573.56
2020-03-24 00:00:00,569.54,576.98
2020-03-25 00:00:00,572.33,579.7
2020-03-26 00:00:00,575.42,582.05
2020-03-27 00:00:00,577.33,583.83
2020-03-28 00:00:00,577.9,585.5
2020-03-29 00:00:00,577.9,585.5
2020-03-30 00:00:00,577.9,585.5
2020-03-31 00:00:00,579.5,587.37
2020-04-01 00:00:00,577.1,583.71
2020-04-02 00:00:00,573.19,580.08
2020-04-03 00:00:00,570.94,577.96
2020-04-04 00:00:00,567.3,575.49
2020-04-05 00:00:00,567.3,575.49
2020-04-06 00:00:00,567.3,575.49
2020-04-07 00:00:00,568.25,574.45
2020-04-08 00:00:00,568.55,575.12
2020-04-09 00:00:00,568.55,575.12
2020-04-10 00:00:00,568.55,575.12
2020-04-11 00:00:00,568.55,575.12
2020-04-12 00:00:00,568.55,575.12
2020-04-13 00:00:00,568.55,575.12
2020-04-14 00:00:00,566.35,573.07
2020-04-15 00:00:00,564.13,569.29
2020-04-16 00:00:00,561.28,567.52
2020-04-17 00:00:00,559.65,565.54
2020-04-18 00:00:00,558.99,565.11
2020-04-19 00:00:00,558.99,565.11
2020-04-20 00:00:00,558.99,565.11
2020-04-21 00:00:00,562.97,569.18
2020-04-22 00:00:00,564.29,571.9
2020-04-23 00:00:00,564.68,571.09
2020-04-24 00:00:00,564.38,569.03
2020-04-25 00:00:00,562.93,570.07
2020-04-26 00:00:00,562.93,570.07
2020-04-27 00:00:00,562.93,570.07
2020-04-28 00:00:00,563.35,569.75
2020-04-29 00:00:00,564.88,571.09
2020-04-30 00:00:00,564.42,571.46
2020-05-01 00:00:00,565.24,571.92
2020-05-02 00:00:00,565.24,571.92
2020-05-03 00:00:00,565.24,571.92
2020-05-04 00:00:00,565.24,571.92
2020-05-05 00:00:00,564.81,572.42
2020-05-06 00:00:00,565.57,572.7
2020-05-07 00:00:00,565.04,571.91
2020-05-08 00:00:00,565.82,571.97
2020-05-09 00:00:00,565.3,572.03
2020-05-10 00:00:00,565.3,572.03
2020-05-11 00:00:00,565.3,572.03
2020-05-12 00:00:00,565.48,572.35
2020-05-13 00:00:00,566.32,571.6
2020-05-14 00:00:00,566.43,571.82
2020-05-15 00:00:00,566.13,571.76
2020-05-16 00:00:00,565.48,572.39
2020-05-17 00:00:00,565.48,572.39
2020-05-18 00:00:00,565.48,572.39
2020-05-19 00:00:00,566.57,573.39
2020-05-20 00:00:00,567.07,574.5
2020-05-21 00:00:00,567.67,574.72
2020-05-22 00:00:00,566.87,574.0
2020-05-23 00:00:00,566.57,573.68
2020-05-24 00:00:00,566.57,573.68
2020-05-25 00:00:00,566.57,573.68
2020-05-26 00:00:00,568.19,574.07
2020-05-27 00:00:00,567.62,575.0
2020-05-28 00:00:00,570.64,575.2
2020-05-29 00:00:00,569.46,576.11
2020-05-30 00:00:00,570.22,576.93
2020-05-31 00:00:00,570.22,576.93
2020-06-01 00:00:00,570.22,576.93
2020-06-02 00:00:00,571.29,579.35
2020-06-03 00:00:00,573.19,581.02
2020-06-04 00:00:00,574.66,582.02
2020-06-05 00:00:00,573.68,582.45
2020-06-06 00:00:00,574.99,582.87
2020-06-07 00:00:00,574.99,582.87
2020-06-08 00:00:00,574.99,582.87
2020-06-09 00:00:00,575.7,583.72
2020-06-10 00:00:00,577.25,584.02
2020-06-11 00:00:00,576.9,583.14
2020-06-12 00:00:00,574.5,580.61
2020-06-13 00:00:00,571.42,578.83
2020-06-14 00:00:00,571.42,578.83
2020-06-15 00:00:00,571.42,578.83
2020-06-16 00:00:00,571.04,577.88
2020-06-17 00:00:00,571.33,577.79
2020-06-18 00:00:00,573.23,579.18
2020-06-19 00:00:00,574.26,579.62
2020-06-20 00:00:00,570.26,579.72
2020-06-21 00:00:00,570.26,579.72
2020-06-22 00:00:00,570.26,579.72
2020-06-23 00:00:00,574.06,580.13
2020-06-24 00:00:00,573.31,580.86
2020-06-25 00:00:00,576.33,582.26
2020-06-26 00:00:00,576.83,582.92
2020-06-27 00:00:00,577.49,583.67
2020-06-28 00:00:00,577.49,583.67
2020-06-29 00:00:00,577.49,583.67
2020-06-30 00:00:00,577.51,583.49
2020-07-01 00:00:00,579.01,584.96
2020-07-02 00:00:00,579.27,586.23
2020-07-03 00:00:00,577.06,586.21
2020-07-04 00:00:00,577.65,585.34
2020-07-05 00:00:00,577.65,585.34
2020-07-06 00:00:00,577.65,585.34
2020-07-07 00:00:00,577.51,585.79
2020-07-08 00:00:00,578.08,585.19
2020-07-09 00:00:00,579.2,584.96
2020-07-10 00:00:00,578.26,585.19
2020-07-11 00:00:00,579.0,584.65
2020-07-12 00:00:00,579.0,584.65
2020-07-13 00:00:00,579.0,584.65
2020-07-14 00:00:00,577.84,584.55
2020-07-15 00:00:00,577.5,583.46
2020-07-16 00:00:00,578.74,582.86
2020-07-17 00:00:00,578.91,584.16
2020-07-18 00:00:00,578.7,584.52
2020-07-19 00:00:00,578.7,584.52
2020-07-20 00:00:00,578.7,584.52
2020-07-21 00:00:00,576.47,584.94
2020-07-22 00:00:00,576.73,585.21
2020-07-23 00:00:00,579.78,585.62
2020-07-24 00:00:00,579.6,586.01
2020-07-25 00:00:00,579.69,586.27
2020-07-26 00:00:00,579.69,586.27
2020-07-27 00:00:00,579.69,586.27
2020-07-28 00:00:00,579.69,586.27
2020-07-29 00:00:00,580.49,586.9
2020-07-30 00:00:00,580.51,586.91
2020-07-31 00:00:00,582.15,588.33
2020-08-01 00:00:00,582.41,590.74
2020-08-02 00:00:00,582.41,590.74
2020-08-03 00:00:00,582.41,590.74
2020-08-04 00:00:00,584.23,592.22
2020-08-05 00:00:00,586.65,594.44
2020-08-06 00:00:00,588.12,595.21
2020-08-07 00:00:00,588.7,596.17
2020-08-08 00:00:00,588.22,595.91
2020-08-09 00:00:00,588.22,595.91
2020-08-10 00:00:00,588.22,595.91
2020-08-11 00:00:00,590.69,598.21
2020-08-12 00:00:00,592.54,599.13
2020-08-13 00:00:00,594.48,600.11
2020-08-14 00:00:00,592.81,598.23
2020-08-15 00:00:00,591.44,598.28
2020-08-16 00:00:00,591.44,598.28
2020-08-17 00:00:00,591.44,598.28
2020-08-18 00:00:00,591.44,598.28
2020-08-19 00:00:00,591.38,597.97
2020-08-20 00:00:00,591.69,597.82
2020-08-21 00:00:00,588.34,596.42
2020-08-22 00:00:00,588.38,595.58
2020-08-23 00:00:00,588.38,595.58
2020-08-24 00:00:00,588.38,595.58
2020-08-25 00:00:00,588.04,596.93
2020-08-26 00:00:00,591.52,597.21
2020-08-27 00:00:00,591.61,598.31
2020-08-28 00:00:00,591.43,597.66
2020-08-29 00:00:00,590.21,598.0
2020-08-30 00:00:00,590.21,598.0
2020-08-31 00:00:00,590.21,598.0
2020-09-01 00:00:00,592.02,598.03
2020-09-02 00:00:00,593.12,599.44
2020-09-03 00:00:00,593.21,600.18
2020-09-04 00:00:00,594.1,600.8
2020-09-05 00:00:00,595.36,600.52
2020-09-06 00:00:00,595.36,600.52
2020-09-07 00:00:00,595.36,600.52
2020-09-08 00:00:00,594.61,601.42
2020-09-09 00:00:00,592.96,601.59
2020-09-10 00:00:00,595.7,600.5
2020-09-11 00:00:00,592.43,599.08
2020-09-12 00:00:00,590.92,597.43
2020-09-13 00:00:00,590.92,597.43
2020-09-14 00:00:00,590.92,597.43
2020-09-15 00:00:00,590.92,597.43
2020-09-16 00:00:00,591.9,598.32
2020-09-17 00:00:00,593.8,599.47
2020-09-18 00:00:00,594.8,599.86
2020-09-19 00:00:00,594.93,601.51
2020-09-20 00:00:00,594.93,601.51
2020-09-21 00:00:00,594.93,601.51
2020-09-22 00:00:00,595.02,602.45
2020-09-23 00:00:00,596.9,603.17
2020-09-24 00:00:00,596.58,604.16
2020-09-25 00:00:00,598.25,604.1
2020-09-26 00:00:00,598.65,604.47
2020-09-27 00:00:00,598.65,604.47
2020-09-28 00:00:00,598.65,604.47
2020-09-29 00:00:00,599.38,606.1
2020-09-30 00:00:00,600.45,606.68
2020-10-01 00:00:00,601.71,607.93
2020-10-02 00:00:00,599.16,605.8
2020-10-03 00:00:00,597.16,604.9
2020-10-04 00:00:00,597.16,604.9
2020-10-05 00:00:00,597.16,604.9
2020-10-06 00:00:00,597.97,603.93
2020-10-07 00:00:00,599.1,605.69
2020-10-08 00:00:00,598.82,605.55
2020-10-09 00:00:00,599.55,605.34
2020-10-10 00:00:00,597.61,605.19
2020-10-11 00:00:00,597.61,605.19
2020-10-12 00:00:00,597.61,605.19
2020-10-13 00:00:00,598.44,605.38
2020-10-14 00:00:00,599.36,605.69
2020-10-15 00:00:00,600.71,606.24
2020-10-16 00:00:00,599.66,605.75
2020-10-17 00:00:00,599.53,605.24
2020-10-18 00:00:00,599.53,605.24
2020-10-19 00:00:00,599.53,605.24
2020-10-20 00:00:00,599.14,605.6
2020-10-21 00:00:00,598.03,606.11
2020-10-22 00:00:00,599.2,606.95
2020-10-23 00:00:00,600.03,606.91
2020-10-24 00:00:00,602.67,608.12
2020-10-25 00:00:00,602.67,608.12
2020-10-26 00:00:00,602.67,608.12
2020-10-27 00:00:00,603.01,609.42
2020-10-28 00:00:00,603.06,610.86
2020-10-29 00:00:00,605.45,611.93
2020-10-30 00:00:00,604.91,611.79
2020-10-31 00:00:00,604.74,612.92
2020-11-01 00:00:00,604.74,612.92
2020-11-02 00:00:00,604.74,612.92
2020-11-03 00:00:00,605.74,614.07
2020-11-04 00:00:00,607.11,614.55
2020-11-05 00:00:00,606.63,614.28
2020-11-06 00:00:00,608.5,615.24
2020-11-07 00:00:00,608.06,615.48
2020-11-08 00:00:00,608.06,615.48
2020-11-09 00:00:00,608.06,615.48
2020-11-10 00:00:00,609.19,616.41
2020-11-11 00:00:00,608.9,616.58
2020-11-12 00:00:00,610.85,616.32
2020-11-13 00:00:00,609.39,614.28
2020-11-14 00:00:00,606.51,613.41
2020-11-15 00:00:00,606.51,613.41
2020-11-16 00:00:00,606.51,613.41
2020-11-17 00:00:00,605.21,612.02
2020-11-18 00:00:00,604.11,610.62
2020-11-19 00:00:00,603.72,609.46
2020-11-20 00:00:00,601.1,605.99
2020-11-21 00:00:00,597.0,603.63
2020-11-22 00:00:00,597.0,603.63
2020-11-23 00:00:00,597.0,603.63
2020-11-24 00:00:00,596.95,602.44
2020-11-25 00:00:00,595.48,603.54
2020-11-26 00:00:00,597.87,605.66
2020-11-27 00:00:00,602.49,608.4
2020-11-28 00:00:00,600.18,608.79
2020-11-29 00:00:00,600.18,608.79
2020-11-30 00:00:00,600.18,608.79
2020-12-01 00:00:00,600.18,608.79
2020-12-02 00:00:00,600.64,607.76
2020-12-03 00:00:00,597.99,605.34
2020-12-04 00:00:00,597.41,603.25
2020-12-05 00:00:00,598.08,602.63
2020-12-06 00:00:00,598.08,602.63
2020-12-07 00:00:00,598.08,602.63
2020-12-08 00:00:00,598.79,604.67
2020-12-09 00:00:00,599.47,606.12
2020-12-10 00:00:00,602.72,608.06
2020-12-11 00:00:00,603.18,609.1
2020-12-12 00:00:00,602.82,609.91
2020-12-13 00:00:00,602.82,609.91
2020-12-14 00:00:00,602.82,609.91
2020-12-15 00:00:00,603.56,609.91
2020-12-16 00:00:00,601.52,608.84
2020-12-17 00:00:00,601.37,608.5
2020-12-18 00:00:00,602.4,608.45
2020-12-19 00:00:00,602.48,609.79
2020-12-20 00:00:00,602.48,609.79
2020-12-21 00:00:00,602.48,609.79
2020-12-22 00:00:00,604.69,611.54
2020-12-23 00:00:00,605.46,612.86
2020-12-24 00:00:00,605.25,612.62
2020-12-25 00:00:00,607.32,613.13
2020-12-26 00:00:00,607.32,613.13
2020-12-27 00:00:00,607.32,613.13
2020-12-28 00:00:00,607.32,613.13
2020-12-29 00:00:00,606.28,614.17
2020-12-30 00:00:00,609.43,616.86
2020-12-31 00:00:00,610.53,617.3
2021-01-01 00:00:00,610.53,617.3
2021-01-02 00:00:00,610.53,617.3
2021-01-03 00:00:00,610.53,617.3
2021-01-04 00:00:00,610.53,617.3
2021-01-05 00:00:00,609.0,616.51
2021-01-06 00:00:00,609.24,616.06
2021-01-07 00:00:00,611.6,617.25
2021-01-08 00:00:00,611.63,617.78
2021-01-09 00:00:00,609.74,617.8
2021-01-10 00:00:00,609.74,617.8
2021-01-11 00:00:00,609.74,617.8
2021-01-12 00:00:00,608.21,617.2
2021-01-13 00:00:00,608.6,615.88
2021-01-14 00:00:00,606.86,612.75
2021-01-15 00:00:00,605.03,611.12
2021-01-16 00:00:00,604.92,611.74
2021-01-17 00:00:00,604.92,611.74
2021-01-18 00:00:00,604.92,611.74
2021-01-19 00:00:00,606.58,612.02
2021-01-20 00:00:00,606.13,612.89
2021-01-21 00:00:00,606.5,613.69
2021-01-22 00:00:00,608.07,614.06
2021-01-23 00:00:00,606.29,614.59
2021-01-24 00:00:00,606.29,614.59
2021-01-25 00:00:00,606.29,614.59
2021-01-26 00:00:00,609.98,614.92
2021-01-27 00:00:00,610.29,615.55
2021-01-28 00:00:00,609.55,615.98
2021-01-29 00:00:00,609.68,616.01
2021-01-30 00:00:00,608.93,616.16
2021-01-31 00:00:00,608.93,616.16
2021-02-01 00:00:00,608.93,616.16
2021-02-02 00:00:00,609.17,616.09
2021-02-03 00:00:00,609.74,616.68
2021-02-04 00:00:00,609.59,615.43
2021-02-05 00:00:00,608.72,614.48
2021-02-06 00:00:00,606.48,613.94
2021-02-07 00:00:00,606.48,613.94
2021-02-08 00:00:00,606.48,613.94
2021-02-09 00:00:00,608.07,614.73
2021-02-10 00:00:00,608.77,614.55
2021-02-11 00:00:00,607.81,614.13
2021-02-12 00:00:00,607.33,612.89
2021-02-13 00:00:00,605.67,612.63
2021-02-14 00:00:00,605.67,612.63
2021-02-15 00:00:00,605.67,612.63
2021-02-16 00:00:00,605.12,613.03
2021-02-17 00:00:00,608.82,613.8
2021-02-18 00:00:00,607.99,615.34
2021-02-19 00:00:00,608.17,614.6
2021-02-20 00:00:00,606.37,614.11
2021-02-21 00:00:00,606.37,614.11
2021-02-22 00:00:00,606.37,614.11
2021-02-23 00:00:00,606.57,614.1
2021-02-24 00:00:00,607.13,613.56
2021-02-25 00:00:00,606.91,614.26
2021-02-26 00:00:00,609.26,615.08
2021-02-27 00:00:00,610.09,615.84
2021-02-28 00:00:00,610.09,615.84
2021-03-01 00:00:00,610.09,615.84
2021-03-02 00:00:00,609.54,616.48
2021-03-03 00:00:00,610.08,615.81
2021-03-04 00:00:00,607.96,615.43
2021-03-05 00:00:00,607.96,615.08
2021-03-06 00:00:00,607.19,614.22
2021-03-07 00:00:00,607.19,614.22
2021-03-08 00:00:00,607.19,614.22
2021-03-09 00:00:00,607.37,613.27
2021-03-10 00:00:00,605.24,613.18
2021-03-11 00:00:00,606.63,612.27
2021-03-12 00:00:00,606.71,612.54
2021-03-13 00:00:00,606.62,612.82
2021-03-14 00:00:00,606.62,612.82
2021-03-15 00:00:00,606.62,612.82
2021-03-16 00:00:00,606.0,612.66
2021-03-17 00:00:00,607.8,612.89
2021-03-18 00:00:00,607.43,613.58
2021-03-19 00:00:00,607.84,612.89
2021-03-20 00:00:00,606.13,613.28
2021-03-21 00:00:00,606.13,613.28
2021-03-22 00:00:00,606.13,613.28
2021-03-23 00:00:00,605.14,613.78
2021-03-24 00:00:00,608.24,614.15
2021-03-25 00:00:00,609.81,615.43
2021-03-26 00:00:00,609.35,615.66
2021-03-27 00:00:00,608.55,616.33
2021-03-28 00:00:00,608.55,616.33
2021-03-29 00:00:00,608.55,616.33
2021-03-30 00:00:00,607.45,616.24
2021-03-31 00:00:00,610.29,615.81
2021-04-01 00:00:00,608.16,615.13
2021-04-02 00:00:00,608.16,615.13
2021-04-03 00:00:00,608.16,615.13
2021-04-04 00:00:00,608.16,615.13
2021-04-05 00:00:00,608.16,615.13
2021-04-06 00:00:00,607.12,615.26
2021-04-07 00:00:00,606.94,614.27
2021-04-08 00:00:00,608.74,614.78
2021-04-09 00:00:00,609.46,614.68
2021-04-10 00:00:00,608.16,615.45
2021-04-11 00:00:00,608.16,615.45
2021-04-12 00:00:00,608.16,615.45
2021-04-13 00:00:00,606.99,616.03
2021-04-14 00:00:00,609.24,615.13
2021-04-15 00:00:00,609.64,615.09
2021-04-16 00:00:00,609.31,615.35
2021-04-17 00:00:00,609.97,615.84
2021-04-18 00:00:00,609.97,615.84
2021-04-19 00:00:00,609.97,615.84
2021-04-20 00:00:00,610.29,615.98
2021-04-21 00:00:00,609.94,616.6
2021-04-22 00:00:00,612.9,617.21
2021-04-23 00:00:00,612.41,618.49
2021-04-24 00:00:00,611.52,619.1
2021-04-25 00:00:00,611.52,619.1
2021-04-26 00:00:00,611.52,619.1
2021-04-27 00:00:00,613.42,619.9
2021-04-28 00:00:00,612.49,620.1
2021-04-29 00:00:00,614.73,621.67
2021-04-30 00:00:00,613.35,619.44
2021-05-01 00:00:00,611.08,616.92
2021-05-02 00:00:00,611.08,616.92
2021-05-03 00:00:00,611.08,616.92
2021-05-04 00:00:00,611.08,616.92
2021-05-05 00:00:00,609.42,617.73
2021-05-06 00:00:00,609.3,618.26
2021-05-07 00:00:00,613.44,618.81
2021-05-08 00:00:00,612.79,618.72
2021-05-09 00:00:00,612.79,618.72
2021-05-10 00:00:00,612.79,618.72
2021-05-11 00:00:00,611.95,618.97
2021-05-12 00:00:00,611.97,618.31
2021-05-13 00:00:00,613.29,618.02
2021-05-14 00:00:00,611.39,617.49
2021-05-15 00:00:00,609.82,616.06
2021-05-16 00:00:00,609.82,616.06
2021-05-17 00:00:00,609.82,616.06
2021-05-18 00:00:00,610.79,617.38
2021-05-19 00:00:00,612.08,619.5
2021-05-20 00:00:00,613.54,619.61
2021-05-21 00:00:00,611.16,620.34
2021-05-22 00:00:00,613.11,620.02
2021-05-23 00:00:00,613.11,620.02
2021-05-24 00:00:00,613.11,620.02
2021-05-25 00:00:00,614.15,620.0
2021-05-26 00:00:00,614.26,619.92
2021-05-27 00:00:00,613.79,621.08
2021-05-28 00:00:00,614.87,620.04
2021-05-29 00:00:00,613.22,620.24
2021-05-30 00:00:00,613.22,620.24
2021-05-31 00:00:00,613.22,620.24
2021-06-01 00:00:00,613.03,621.39
2021-06-02 00:00:00,614.7,621.99
2021-06-03 00:00:00,614.82,621.72
2021-06-04 00:00:00,613.87,620.81
2021-06-05 00:00:00,613.32,620.64
2021-06-06 00:00:00,613.32,620.64
2021-06-07 00:00:00,613.32,620.64
2021-06-08 00:00:00,613.47,621.1
2021-06-09 00:00:00,614.13,621.04
2021-06-10 00:00:00,614.07,621.13
2021-06-11 00:00:00,614.8,620.54
2021-06-12 00:00:00,614.1,620.21
2021-06-13 00:00:00,614.1,620.21
2021-06-14 00:00:00,614.1,620.21
2021-06-15 00:00:00,614.39,619.9
2021-06-16 00:00:00,612.63,618.65
2021-06-17 00:00:00,614.07,619.77
2021-06-18 00:00:00,614.07,620.3
2021-06-19 00:00:00,614.04,621.02
2021-06-20 00:00:00,614.04,621.02
2021-06-21 00:00:00,614.04,621.02
2021-06-22 00:00:00,613.84,621.16
2021-06-23 00:00:00,613.89,621.41
2021-06-24 00:00:00,616.7,622.1
2021-06-25 00:00:00,615.79,621.39
2021-06-26 00:00:00,614.23,620.67
2021-06-27 00:00:00,614.23,620.67
2021-06-28 00:00:00,614.23,620.67
2021-06-29 00:00:00,614.9,621.83
2021-06-30 00:00:00,615.25,621.92
2021-07-01 00:00:00,615.47,621.88
2021-07-02 00:00:00,615.82,622.51
2021-07-03 00:00:00,614.62,621.94
2021-07-04 00:00:00,614.62,621.94
2021-07-05 00:00:00,614.62,621.94
2021-07-06 00:00:00,615.5,621.97
2021-07-07 00:00:00,614.5,622.34
2021-07-08 00:00:00,616.31,623.31
2021-07-09 00:00:00,618.14,623.6
2021-07-10 00:00:00,617.97,623.6
2021-07-11 00:00:00,617.97,623.6
2021-07-12 00:00:00,617.97,623.6
2021-07-13 00:00:00,616.19,622.75
2021-07-14 00:00:00,615.01,621.07
2021-07-15 00:00:00,615.43,620.24
2021-07-16 00:00:00,615.16,621.43
2021-07-17 00:00:00,614.67,621.39
2021-07-18 00:00:00,614.67,621.39
2021-07-19 00:00:00,614.67,621.39
2021-07-20 00:00:00,613.56,621.92
2021-07-21 00:00:00,617.15,621.43
2021-07-22 00:00:00,614.45,620.18
2021-07-23 00:00:00,615.07,621.57
2021-07-24 00:00:00,615.42,621.69
2021-07-25 00:00:00,615.42,621.69
2021-07-26 00:00:00,615.42,621.69
2021-07-27 00:00:00,615.42,621.69
2021-07-28 00:00:00,614.47,622.22
2021-07-29 00:00:00,616.66,623.02
2021-07-30 00:00:00,617.93,623.17
2021-07-31 00:00:00,616.89,622.98
2021-08-01 00:00:00,616.89,622.98
2021-08-02 00:00:00,616.89,622.98
2021-08-03 00:00:00,616.89,622.98
2021-08-04 00:00:00,616.78,623.78
2021-08-05 00:00:00,617.14,623.53
2021-08-06 00:00:00,615.68,623.23
2021-08-07 00:00:00,616.39,623.02
2021-08-08 00:00:00,616.39,623.02
2021-08-09 00:00:00,616.39,623.02
2021-08-10 00:00:00,616.79,624.05
2021-08-11 00:00:00,618.41,623.84
2021-08-12 00:00:00,618.64,624.39
2021-08-13 00:00:00,618.01,623.17
2021-08-14 00:00:00,615.49,622.37
2021-08-15 00:00:00,615.49,622.37
2021-08-16 00:00:00,615.49,622.37
2021-08-17 00:00:00,615.83,622.17
2021-08-18 00:00:00,616.7,622.47
2021-08-19 00:00:00,616.73,622.72
2021-08-20 00:00:00,616.31,622.4
2021-08-21 00:00:00,615.97,622.85
2021-08-22 00:00:00,615.97,622.85
2021-08-23 00:00:00,615.97,622.85
2021-08-24 00:00:00,616.95,623.53
2021-08-25 00:00:00,619.55,624.25
2021-08-26 00:00:00,619.36,625.14
2021-08-27 00:00:00,620.29,625.43
2021-08-28 00:00:00,619.7,625.78
2021-08-29 00:00:00,619.7,625.78
2021-08-30 00:00:00,619.7,625.78
2021-08-31 00:00:00,619.83,626.46
2021-09-01 00:00:00,619.72,627.04
2021-09-02 00:00:00,620.94,627.41
2021-09-03 00:00:00,619.1,627.62
2021-09-04 00:00:00,619.6,627.12
2021-09-05 00:00:00,619.6,627.12
2021-09-06 00:00:00,619.6,627.12
2021-09-07 00:00:00,620.69,627.53
2021-09-08 00:00:00,621.16,627.91
2021-09-09 00:00:00,623.32,629.01
2021-09-10 00:00:00,623.92,630.41
2021-09-11 00:00:00,622.56,628.89
2021-09-12 00:00:00,622.56,628.89
2021-09-13 00:00:00,622.56,628.89
2021-09-14 00:00:00,622.56,628.89
2021-09-15 00:00:00,621.04,627.47
2021-09-16 00:00:00,621.28,627.09
2021-09-17 00:00:00,620.82,627.31
2021-09-18 00:00:00,619.94,626.87
2021-09-19 00:00:00,619.94,626.87
2021-09-20 00:00:00,619.94,626.87
2021-09-21 00:00:00,621.68,627.01
2021-09-22 00:00:00,619.6,627.44
2021-09-23 00:00:00,621.03,628.5
2021-09-24 00:00:00,623.65,628.79
2021-09-25 00:00:00,622.8,628.67
2021-09-26 00:00:00,622.8,628.67
2021-09-27 00:00:00,622.8,628.67
2021-09-28 00:00:00,622.49,628.96
2021-09-29 00:00:00,623.3,629.41
2021-09-30 00:00:00,623.24,629.71
2021-10-01 00:00:00,623.12,630.28
2021-10-02 00:00:00,622.95,629.95
2021-10-03 00:00:00,622.95,629.95
2021-10-04 00:00:00,622.95,629.95
2021-10-05 00:00:00,622.72,629.65
2021-10-06 00:00:00,621.08,629.12
2021-10-07 00:00:00,623.72,630.13
2021-10-08 00:00:00,625.17,630.43
2021-10-09 00:00:00,625.26,631.11
2021-10-10 00:00:00,625.26,631.11
2021-10-11 00:00:00,625.26,631.11
2021-10-12 00:00:00,625.0,631.62
2021-10-13 00:00:00,623.91,631.67
2021-10-14 00:00:00,626.21,631.79
2021-10-15 00:00:00,624.74,632.14
2021-10-16 00:00:00,625.33,631.9
2021-10-17 00:00:00,625.33,631.9
2021-10-18 00:00:00,625.33,631.9
2021-10-19 00:00:00,624.0,631.96
2021-10-20 00:00:00,626.35,632.36
2021-10-21 00:00:00,625.82,632.68
2021-10-22 00:00:00,627.52,633.75
2021-10-23 00:00:00,627.22,634.51
2021-10-24 00:00:00,627.22,634.51
2021-10-25 00:00:00,627.22,634.51
2021-10-26 00:00:00,629.54,635.08
2021-10-27 00:00:00,630.99,636.59
2021-10-28 00:00:00,633.38,640.1
2021-10-29 00:00:00,634.69,641.69
2021-10-30 00:00:00,634.69,641.84
2021-10-31 00:00:00,634.69,641.84
2021-11-01 00:00:00,634.69,641.84
2021-11-02 00:00:00,634.26,642.76
2021-11-03 00:00:00,635.73,642.62
2021-11-04 00:00:00,635.27,643.13
2021-11-05 00:00:00,637.0,643.33
2021-11-06 00:00:00,637.34,643.51
2021-11-07 00:00:00,637.34,643.51
2021-11-08 00:00:00,637.34,643.51
2021-11-09 00:00:00,635.08,644.05
2021-11-10 00:00:00,637.82,644.96
2021-11-11 00:00:00,638.56,644.95
2021-11-12 00:00:00,639.34,645.13
2021-11-13 00:00:00,638.21,645.47
2021-11-14 00:00:00,638.21,645.47
2021-11-15 00:00:00,638.21,645.47
2021-11-16 00:00:00,636.36,643.1
2021-11-17 00:00:00,635.07,641.58
2021-11-18 00:00:00,635.72,642.26
2021-11-19 00:00:00,635.35,641.11
2021-11-20 00:00:00,632.71,640.51
2021-11-21 00:00:00,632.71,640.51
2021-11-22 00:00:00,632.71,640.51
2021-11-23 00:00:00,633.37,640.49
2021-11-24 00:00:00,631.76,639.19
2021-11-25 00:00:00,632.48,638.71
2021-11-26 00:00:00,628.59,633.91
2021-11-27 00:00:00,626.56,632.2
2021-11-28 00:00:00,626.56,632.2
2021-11-29 00:00:00,626.56,632.2
2021-11-30 00:00:00,626.56,632.2
2021-12-01 00:00:00,626.15,632.93
2021-12-02 00:00:00,626.64,633.68
2021-12-03 00:00:00,627.61,634.32
2021-12-04 00:00:00,628.74,636.04
2021-12-05 00:00:00,628.74,636.04
2021-12-06 00:00:00,628.74,636.04
2021-12-07 00:00:00,631.77,638.64
2021-12-08 00:00:00,632.86,641.17
2021-12-09 00:00:00,636.78,642.65
2021-12-10 00:00:00,636.19,642.86
2021-12-11 00:00:00,635.94,641.96
2021-12-12 00:00:00,635.94,641.96
2021-12-13 00:00:00,635.94,641.96
2021-12-14 00:00:00,634.7,641.3
2021-12-15 00:00:00,636.01,642.49
2021-12-16 00:00:00,634.44,642.19
2021-12-17 00:00:00,633.84,640.82
2021-12-18 00:00:00,634.09,640.95
2021-12-19 00:00:00,634.09,640.95
2021-12-20 00:00:00,634.09,640.95
2021-12-21 00:00:00,634.11,642.06
2021-12-22 00:00:00,638.13,645.49
2021-12-23 00:00:00,639.72,646.33
2021-12-24 00:00:00,638.05,645.47
2021-12-25 00:00:00,637.85,643.82
2021-12-26 00:00:00,637.85,643.82
2021-12-27 00:00:00,637.85,643.82
2021-12-28 00:00:00,638.13,644.09
2021-12-29 00:00:00,638.94,644.83
2021-12-30 00:00:00,638.75,644.91
2021-12-31 00:00:00,639.06,645.25
2022-01-01 00:00:00,639.06,645.25
2022-01-02 00:00:00,639.06,645.25
2022-01-03 00:00:00,639.06,645.25
2022-01-04 00:00:00,639.54,645.39
2022-01-05 00:00:00,638.47,644.53
2022-01-06 00:00:00,639.37,644.92
2022-01-07 00:00:00,639.87,644.63
2022-01-08 00:00:00,637.19,644.03
2022-01-09 00:00:00,637.19,644.03
2022-01-10 00:00:00,637.19,644.03
2022-01-11 00:00:00,635.0,643.44
2022-01-12 00:00:00,634.24,640.55
2022-01-13 00:00:00,632.91,637.92
2022-01-14 00:00:00,631.51,636.97
2022-01-15 00:00:00,628.2,636.33
2022-01-16 00:00:00,628.2,636.33
2022-01-17 00:00:00,628.2,636.33
2022-01-18 00:00:00,629.73,636.12
2022-01-19 00:00:00,629.37,635.58
2022-01-20 00:00:00,629.68,635.67
2022-01-21 00:00:00,631.18,637.95
2022-01-22 00:00:00,633.17,640.25
2022-01-23 00:00:00,633.17,640.25
2022-01-24 00:00:00,633.17,640.25
2022-01-25 00:00:00,634.67,643.08
2022-01-26 00:00:00,636.95,644.79
2022-01-27 00:00:00,639.04,645.07
2022-01-28 00:00:00,640.7,645.97
2022-01-29 00:00:00,638.97,646.2
2022-01-30 00:00:00,638.97,646.2
2022-01-31 00:00:00,638.97,646.2
2022-02-01 00:00:00,640.05,646.9
2022-02-02 00:00:00,641.04,648.48
2022-02-03 00:00:00,642.15,648.72
2022-02-04 00:00:00,642.33,647.98
2022-02-05 00:00:00,640.17,647.95
2022-02-06 00:00:00,640.17,647.95
2022-02-07 00:00:00,640.17,647.95
2022-02-08 00:00:00,640.5,647.85
2022-02-09 00:00:00,639.48,647.45
2022-02-10 00:00:00,641.03,647.15
2022-02-11 00:00:00,640.19,646.93
2022-02-12 00:00:00,638.63,644.59
2022-02-13 00:00:00,638.63,644.59
2022-02-14 00:00:00,638.63,644.59
2022-02-15 00:00:00,636.03,642.88
2022-02-16 00:00:00,636.35,642.9
2022-02-17 00:00:00,637.0,642.77
2022-02-18 00:00:00,636.74,642.83
2022-02-19 00:00:00,636.98,642.8
2022-02-20 00:00:00,636.98,642.8
2022-02-21 00:00:00,636.98,642.8
2022-02-22 00:00:00,637.13,644.01
2022-02-23 00:00:00,636.94,644.74
2022-02-24 00:00:00,638.1,644.91
2022-02-25 00:00:00,637.8,646.5
2022-02-26 00:00:00,641.53,647.34
2022-02-27 00:00:00,641.53,647.34
2022-02-28 00:00:00,641.53,647.34
2022-03-01 00:00:00,640.02,647.31
2022-03-02 00:00:00,640.12,647.78
2022-03-03 00:00:00,641.85,648.04
2022-03-04 00:00:00,642.08,649.08
2022-03-05 00:00:00,643.93,651.68
2022-03-06 00:00:00,643.93,651.68
2022-03-07 00:00:00,643.93,651.68
2022-03-08 00:00:00,645.3,653.53
2022-03-09 00:00:00,648.97,655.61
2022-03-10 00:00:00,649.28,656.06
2022-03-11 00:00:00,647.6,654.34
2022-03-12 00:00:00,643.37,650.89
2022-03-13 00:00:00,643.37,650.89
2022-03-14 00:00:00,643.37,650.89
2022-03-15 00:00:00,639.9,645.76
2022-03-16 00:00:00,637.66,644.17
2022-03-17 00:00:00,639.31,645.6
2022-03-18 00:00:00,642.28,648.93
2022-03-19 00:00:00,644.73,651.22
2022-03-20 00:00:00,644.73,651.22
2022-03-21 00:00:00,644.73,651.22
2022-03-22 00:00:00,644.51,653.21
2022-03-23 00:00:00,650.24,655.48
2022-03-24 00:00:00,650.94,658.09
2022-03-25 00:00:00,652.53,659.53
2022-03-26 00:00:00,653.57,661.6
2022-03-27 00:00:00,653.57,661.6
2022-03-28 00:00:00,653.57,661.6
2022-03-29 00:00:00,655.13,663.17
2022-03-30 00:00:00,657.28,664.6
2022-03-31 00:00:00,660.48,667.1
2022-04-01 00:00:00,663.06,668.24
2022-04-02 00:00:00,660.02,667.86
2022-04-03 00:00:00,660.02,667.86
2022-04-04 00:00:00,660.02,667.86
2022-04-05 00:00:00,654.27,663.12
2022-04-06 00:00:00,654.59,661.93
2022-04-07 00:00:00,657.36,662.61
2022-04-08 00:00:00,654.24,661.64
2022-04-09 00:00:00,650.86,657.96
2022-04-10 00:00:00,650.86,657.96
2022-04-11 00:00:00,650.86,657.96
2022-04-12 00:00:00,650.86,657.96
2022-04-13 00:00:00,649.17,656.2
2022-04-14 00:00:00,647.68,656.54
2022-04-15 00:00:00,647.68,656.54
2022-04-16 00:00:00,647.68,656.54
2022-04-17 00:00:00,647.68,656.54
2022-04-18 00:00:00,647.68,656.54
2022-07-01 00:00:00,685.26,693.69
2022-07-02 00:00:00,686.24,693.95
2022-07-03 00:00:00,686.24,693.95
2022-07-04 00:00:00,686.24,693.95
2022-07-05 00:00:00,686.91,694.44
2022-07-06 00:00:00,686.81,694.78
2022-07-07 00:00:00,687.97,695.26
2022-07-08 00:00:00,687.44,694.19
2022-07-09 00:00:00,687.11,692.68
2022-07-10 00:00:00,687.11,692.68
2022-07-11 00:00:00,687.11,692.68
2022-07-12 00:00:00,683.76,690.67
2022-07-13 00:00:00,681.9,688.98
2022-07-14 00:00:00,681.07,687.28
2022-07-15 00:00:00,678.14,684.96
2022-07-16 00:00:00,675.25,683.75
2022-07-17 00:00:00,675.25,683.75
2022-07-18 00:00:00,675.25,683.75
2022-07-19 00:00:00,674.39,681.82
2022-07-20 00:00:00,672.55,678.48
2022-07-21 00:00:00,669.41,676.29
2022-07-22 00:00:00,671.14,676.83
2022-07-23 00:00:00,669.66,675.61
2022-07-24 00:00:00,669.66,675.61
2022-07-25 00:00:00,669.66,675.61
2022-07-26 00:00:00,669.66,675.61
2022-07-27 00:00:00,668.83,675.87
2022-07-28 00:00:00,668.06,675.36
2022-07-29 00:00:00,668.35,675.03
2022-07-30 00:00:00,667.61,675.02
2022-07-31 00:00:00,667.61,675.02
2022-08-01 00:00:00,667.61,675.02
2022-08-02 00:00:00,666.72,674.67
2022-08-03 00:00:00,666.72,674.67
2022-08-04 00:00:00,667.83,674.63
2022-08-05 00:00:00,668.34,673.64
2022-08-06 00:00:00,666.46,674.68
2022-08-07 00:00:00,666.46,674.68
2022-08-08 00:00:00,666.46,674.68
2022-08-09 00:00:00,668.21,675.34
2022-08-10 00:00:00,668.49,675.96
2022-08-11 00:00:00,667.76,676.11
2022-08-12 00:00:00,668.17,675.95
2022-08-13 00:00:00,664.6,670.4
2022-08-14 00:00:00,664.6,670.4
2022-08-15 00:00:00,664.6,670.4
2022-08-16 00:00:00,664.6,670.4
2022-08-17 00:00:00,661.05,667.8
2022-08-18 00:00:00,657.77,664.74
2022-08-19 00:00:00,651.76,659.97
2022-08-20 00:00:00,647.81,655.03
2022-08-21 00:00:00,647.81,655.03
2022-08-22 00:00:00,647.81,655.03
2022-08-23 00:00:00,642.1,650.39
2022-08-24 00:00:00,639.12,645.39
2022-08-25 00:00:00,632.37,639.94
2022-08-26 00:00:00,633.09,639.28
2022-08-27 00:00:00,636.59,643.7
2022-08-28 00:00:00,636.59,643.7
2022-08-29 00:00:00,636.59,643.7
2022-08-30 00:00:00,640.49,649.14
2022-08-31 00:00:00,646.07,653.86
2022-09-01 00:00:00,651.67,661.42
2022-09-02 00:00:00,656.21,663.03
2022-09-03 00:00:00,658.49,665.14
2022-09-04 00:00:00,658.49,665.14
2022-09-05 00:00:00,658.49,665.14
2022-09-06 00:00:00,655.58,664.23
2022-09-07 00:00:00,658.24,663.01
2022-09-08 00:00:00,651.43,660.21
2022-09-09 00:00:00,646.84,654.64
2022-09-10 00:00:00,637.6,647.6
2022-09-11 00:00:00,637.6,647.6
2022-09-12 00:00:00,637.6,647.6
2022-09-13 00:00:00,630.38,640.01
2022-09-14 00:00:00,631.97,639.48
2022-09-15 00:00:00,630.34,637.13
2022-09-16 00:00:00,629.34,636.97
2022-09-17 00:00:00,627.34,636.0
2022-09-18 00:00:00,627.34,636.0
2022-09-19 00:00:00,627.34,636.0
2022-09-20 00:00:00,627.34,636.0
2022-09-21 00:00:00,628.19,636.97
2022-09-22 00:00:00,631.19,637.5
2022-09-23 00:00:00,631.55,638.94
2022-09-24 00:00:00,634.43,640.39
2022-09-25 00:00:00,634.43,640.39
2022-09-26 00:00:00,634.43,640.39
2022-09-27 00:00:00,637.98,641.96
2022-09-28 00:00:00,636.31,641.26
2022-09-29 00:00:00,628.19,636.39
2022-09-30 00:00:00,624.62,632.72
2022-10-01 00:00:00,623.48,631.32
2022-10-02 00:00:00,623.48,631.32
2022-10-03 00:00:00,623.48,631.32
2022-10-04 00:00:00,625.74,631.33
2022-10-05 00:00:00,629.11,635.43
2022-10-06 00:00:00,633.88,640.25
2022-10-07 00:00:00,633.88,642.02
2022-10-08 00:00:00,633.47,639.35
2022-10-09 00:00:00,633.47,639.35
2022-10-10 00:00:00,633.47,639.35
2022-10-11 00:00:00,626.41,635.19
2022-10-12 00:00:00,625.43,631.85
2022-10-13 00:00:00,622.37,628.32
2022-10-14 00:00:00,616.64,624.72
2022-10-15 00:00:00,612.79,621.03
2022-10-16 00:00:00,612.79,621.03
2022-10-17 00:00:00,612.79,621.03
2022-10-18 00:00:00,614.36,619.93
2022-10-19 00:00:00,616.01,623.42
2022-10-20 00:00:00,618.89,624.86
2022-10-21 00:00:00,622.73,628.28
2022-10-22 00:00:00,621.23,629.49
2022-10-23 00:00:00,621.23,629.49
2022-10-24 00:00:00,621.23,629.49
2022-10-25 00:00:00,624.45,630.25
2022-10-26 00:00:00,619.08,629.11
2022-10-27 00:00:00,620.23,626.81
2022-10-28 00:00:00,618.35,625.03
2022-10-29 00:00:00,613.74,622.34
2022-10-30 00:00:00,613.74,622.34
2022-10-31 00:00:00,613.74,622.34
2022-11-01 00:00:00,615.01,620.31
2022-11-02 00:00:00,614.26,622.82
2022-11-03 00:00:00,615.4,625.03
2022-11-04 00:00:00,622.89,628.75
2022-11-05 00:00:00,619.22,628.18
2022-11-06 00:00:00,619.22,628.18
2022-11-07 00:00:00,619.22,628.18
2022-11-08 00:00:00,614.3,622.41
2022-11-09 00:00:00,615.5,620.22
2022-11-10 00:00:00,610.96,617.58
2022-11-11 00:00:00,608.79,614.81
2022-11-12 00:00:00,605.87,615.73
2022-11-13 00:00:00,605.87,615.73
2022-11-14 00:00:00,605.87,615.73
2022-11-15 00:00:00,610.3,617.32
2022-11-16 00:00:00,609.93,616.57
2022-11-17 00:00:00,609.42,616.2
2022-11-18 00:00:00,609.2,615.16
2022-11-19 00:00:00,605.9,611.78
2022-11-20 00:00:00,605.9,611.78
2022-11-21 00:00:00,605.9,611.78
2022-11-22 00:00:00,600.85,611.77
2022-11-23 00:00:00,603.17,612.0
2022-11-24 00:00:00,606.62,611.59
2022-11-25 00:00:00,603.52,610.53
2022-11-26 00:00:00,599.5,606.96
2022-11-27 00:00:00,599.5,606.96
2022-11-28 00:00:00,599.5,606.96
2022-11-29 00:00:00,596.7,602.92
2022-11-30 00:00:00,594.32,602.86
2022-12-01 00:00:00,596.5,604.7
2022-12-02 00:00:00,600.02,607.17
2022-12-03 00:00:00,601.14,609.83
2022-12-04 00:00:00,601.14,609.83
2022-12-05 00:00:00,601.14,609.83
2022-12-06 00:00:00,601.14,609.83
2022-12-07 00:00:00,596.96,604.15
2022-12-08 00:00:00,594.42,601.02
2022-12-09 00:00:00,589.01,595.62
2022-12-10 00:00:00,587.2,593.92
2022-12-11 00:00:00,587.2,593.92
2022-12-12 00:00:00,587.2,593.92
2022-12-13 00:00:00,587.84,596.07
2022-12-14 00:00:00,595.05,602.16
2022-12-15 00:00:00,594.53,601.46
2022-12-16 00:00:00,587.57,595.36
2022-12-17 00:00:00,583.96,593.66
2022-12-18 00:00:00,583.96,593.66
2022-12-19 00:00:00,583.96,593.66
2022-12-20 00:00:00,581.86,591.87
2022-12-21 00:00:00,583.42,591.75
2022-12-22 00:00:00,583.5,590.4
2022-12-23 00:00:00,579.05,588.34
2022-12-24 00:00:00,579.55,587.24
2022-12-25 00:00:00,579.55,587.24
2022-12-26 00:00:00,579.55,587.24
2022-12-27 00:00:00,579.21,587.24
2022-12-28 00:00:00,582.23,590.16
2022-12-29 00:00:00,590.71,596.08
2022-12-30 00:00:00,594.17,601.99
2022-12-31 00:00:00,594.17,601.99
2023-01-01 00:00:00,594.17,601.99
2023-01-02 00:00:00,594.17,601.99
2023-01-03 00:00:00,589.73,597.68
2023-01-04 00:00:00,590.19,596.96
2023-01-05 00:00:00,592.85,598.4
2023-01-06 00:00:00,591.01,597.72
2023-01-07 00:00:00,588.27,595.46
2023-01-08 00:00:00,588.27,595.46
2023-01-09 00:00:00,588.27,595.46
2023-01-10 00:00:00,583.0,592.79
2023-01-11 00:00:00,580.4,587.53
2023-01-12 00:00:00,578.49,586.13
2023-01-13 00:00:00,576.85,583.42
2023-01-14 00:00:00,570.64,578.18
2023-01-15 00:00:00,570.64,578.18
2023-01-16 00:00:00,570.64,578.18
2023-01-17 00:00:00,567.08,574.42
2023-01-18 00:00:00,568.1,572.14
2023-01-19 00:00:00,565.2,572.05
2023-01-20 00:00:00,565.0,570.17
2023-01-21 00:00:00,562.88,569.49
2023-01-22 00:00:00,562.88,569.49
2023-01-23 00:00:00,562.88,569.49
2023-01-24 00:00:00,560.34,567.8
2023-01-25 00:00:00,559.8,567.47
2023-01-26 00:00:00,560.74,566.31
2023-01-27 00:00:00,556.75,563.87
2023-01-28 00:00:00,552.8,559.31
2023-01-29 00:00:00,552.8,559.31
2023-01-30 00:00:00,552.8,559.31
2023-01-31 00:00:00,549.76,557.4
2023-02-01 00:00:00,550.81,558.29
2023-02-02 00:00:00,556.19,562.84
2023-02-03 00:00:00,564.58,570.6
2023-02-04 00:00:00,567.55,576.23
2023-02-05 00:00:00,567.55,576.23
2023-02-06 00:00:00,567.55,576.23
2023-02-07 00:00:00,574.12,581.69
2023-02-08 00:00:00,577.12,586.15
2023-02-09 00:00:00,580.07,586.26
2023-02-10 00:00:00,576.51,583.27
2023-02-11 00:00:00,571.59,579.95
2023-02-12 00:00:00,571.59,579.95
2023-02-13 00:00:00,571.59,579.95
2023-02-14 00:00:00,568.02,576.2
2023-02-15 00:00:00,564.54,571.7
2023-02-16 00:00:00,560.53,568.07
2023-02-17 00:00:00,558.05,564.84
2023-02-18 00:00:00,556.68,563.74
2023-02-19 00:00:00,556.68,563.74
2023-02-20 00:00:00,556.68,563.74
2023-02-21 00:00:00,555.94,562.13
2023-02-22 00:00:00,557.94,563.3
2023-02-23 00:00:00,559.63,566.93
2023-02-24 00:00:00,560.05,565.99
2023-02-25 00:00:00,558.05,565.39
2023-02-26 00:00:00,558.05,565.39
2023-02-27 00:00:00,558.05,565.39
2023-02-28 00:00:00,556.4,564.27
2023-03-01 00:00:00,555.1,562.73
2023-03-02 00:00:00,553.21,562.15
2023-03-03 00:00:00,555.78,561.81
2023-03-04 00:00:00,551.97,559.42
2023-03-05 00:00:00,551.97,559.42
2023-03-06 00:00:00,551.97,559.42
2023-03-07 00:00:00,550.68,557.21
2023-03-08 00:00:00,547.0,554.33
2023-03-09 00:00:00,548.59,554.28
2023-03-10 00:00:00,544.79,552.56
2023-03-11 00:00:00,545.13,552.12
2023-03-12 00:00:00,545.13,552.12
2023-03-13 00:00:00,545.13,552.12
2023-03-14 00:00:00,543.7,550.11
2023-03-15 00:00:00,542.74,550.08
2023-03-16 00:00:00,542.78,549.62
2023-03-17 00:00:00,542.87,549.36
2023-03-18 00:00:00,540.32,547.37
2023-03-19 00:00:00,540.32,547.37
2023-03-20 00:00:00,540.32,547.37
2023-03-21 00:00:00,539.23,546.33
2023-03-22 00:00:00,538.68,545.01
2023-03-23 00:00:00,540.59,545.83
2023-03-24 00:00:00,539.39,546.78
2023-03-25 00:00:00,542.43,547.41
2023-03-26 00:00:00,542.43,547.41
2023-03-27 00:00:00,542.43,547.41
2023-03-28 00:00:00,541.05,547.52
2023-03-29 00:00:00,539.29,546.42
2023-03-30 00:00:00,540.22,546.48
2023-03-31 00:00:00,540.39,545.95
2023-04-01 00:00:00,537.94,545.4
2023-04-02 00:00:00,537.94,545.4
2023-04-03 00:00:00,537.94,545.4
2023-04-04 00:00:00,539.11,545.1
2023-04-05 00:00:00,536.1,543.31
2023-04-06 00:00:00,537.03,544.0
2023-04-07 00:00:00,537.03,544.0
2023-04-08 00:00:00,537.03,544.0
2023-04-09 00:00:00,537.03,544.0
2023-04-10 00:00:00,537.03,544.0
2023-04-11 00:00:00,537.03,544.0
2023-04-12 00:00:00,534.44,541.23
2023-04-13 00:00:00,534.61,541.45
2023-04-14 00:00:00,535.52,540.81
2023-04-15 00:00:00,533.47,540.55
2023-04-16 00:00:00,533.47,540.55
2023-04-17 00:00:00,533.47,540.55
2023-04-18 00:00:00,533.06,539.69
2023-04-19 00:00:00,532.76,538.53
2023-04-20 00:00:00,531.87,537.51
2023-04-21 00:00:00,532.45,537.84
2023-04-22 00:00:00,530.05,537.3
2023-04-23 00:00:00,530.05,537.3
2023-04-24 00:00:00,530.05,537.3
2023-04-25 00:00:00,529.6,536.64
2023-04-26 00:00:00,531.92,537.98
2023-04-27 00:00:00,535.29,542.76
2023-04-28 00:00:00,540.38,547.27
2023-04-29 00:00:00,543.06,550.52
2023-04-30 00:00:00,543.06,550.52
2023-05-01 00:00:00,543.06,550.52
2023-05-02 00:00:00,543.06,550.52
2023-05-03 00:00:00,543.32,549.34
2023-05-04 00:00:00,543.58,548.68
2023-05-05 00:00:00,541.57,548.58
2023-05-06 00:00:00,539.81,546.82
2023-05-07 00:00:00,539.81,546.82
2023-05-08 00:00:00,539.81,546.82
2023-05-09 00:00:00,537.2,544.55
2023-05-10 00:00:00,535.17,541.78
2023-05-11 00:00:00,536.47,541.6
2023-05-12 00:00:00,534.85,541.47
2023-05-13 00:00:00,534.41,541.28
2023-05-14 00:00:00,534.41,541.28
2023-05-15 00:00:00,534.41,541.28
2023-05-16 00:00:00,533.63,540.93
2023-05-17 00:00:00,534.35,539.93
2023-05-18 00:00:00,535.04,541.56
2023-05-19 00:00:00,536.41,542.01
2023-05-20 00:00:00,534.03,542.0
2023-05-21 00:00:00,534.03,542.0
2023-05-22 00:00:00,534.03,542.0
2023-05-23 00:00:00,537.47,543.57
2023-05-24 00:00:00,537.22,543.21
2023-05-25 00:00:00,537.92,543.12
2023-05-26 00:00:00,538.54,545.04
2023-05-27 00:00:00,541.41,546.88
2023-05-28 00:00:00,541.41,546.88
2023-05-29 00:00:00,541.41,546.88
2023-05-30 00:00:00,540.56,547.45
2023-05-31 00:00:00,540.35,546.7
2023-06-01 00:00:00,539.05,546.19
2023-06-02 00:00:00,539.74,545.79
2023-06-03 00:00:00,537.33,545.84
2023-06-04 00:00:00,537.33,545.84
2023-06-05 00:00:00,537.33,545.84
2023-06-06 00:00:00,536.71,544.28
2023-06-07 00:00:00,536.84,543.13
2023-06-08 00:00:00,537.21,544.4
2023-06-09 00:00:00,540.4,546.19
2023-06-10 00:00:00,540.64,547.44
2023-06-11 00:00:00,540.64,547.44
2023-06-12 00:00:00,540.64,547.44
2023-06-13 00:00:00,541.2,548.23
2023-06-14 00:00:00,542.11,547.74
2023-06-15 00:00:00,540.44,546.65
2023-06-16 00:00:00,539.19,545.7
2023-06-17 00:00:00,537.98,545.78
2023-06-18 00:00:00,537.98,545.78
2023-06-19 00:00:00,537.98,545.78
2023-06-20 00:00:00,537.61,545.41
2023-06-21 00:00:00,539.61,545.62
2023-06-22 00:00:00,541.33,546.26
2023-06-23 00:00:00,541.89,546.86
2023-06-24 00:00:00,541.96,547.24
2023-06-25 00:00:00,541.96,547.24
2023-06-26 00:00:00,541.96,547.24
2023-06-27 00:00:00,541.16,547.77
2023-06-28 00:00:00,542.36,549.24
2023-06-29 00:00:00,542.9,549.57
2023-06-30 00:00:00,543.13,549.48
2023-07-01 00:00:00,541.86,549.5
2023-07-02 00:00:00,541.86,549.5
2023-07-03 00:00:00,541.86,549.5
2023-07-04 00:00:00,541.38,549.25
2023-07-05 00:00:00,541.17,548.44
2023-07-06 00:00:00,542.22,549.43
2023-07-07 00:00:00,547.31,553.52
2023-07-08 00:00:00,548.2,555.47
2023-07-09 00:00:00,548.2,555.47
2023-07-10 00:00:00,548.2,555.47
2023-07-11 00:00:00,547.39,556.9
2023-07-12 00:00:00,547.48,552.4
2023-07-13 00:00:00,543.79,549.88
2023-07-14 00:00:00,541.9,547.53
2023-07-15 00:00:00,537.97,545.11
2023-07-16 00:00:00,537.97,545.11
2023-07-17 00:00:00,537.97,545.11
2023-07-18 00:00:00,535.72,542.13
2023-07-19 00:00:00,536.0,542.22
2023-07-20 00:00:00,536.23,541.86
2023-07-21 00:00:00,536.86,541.94
2023-07-22 00:00:00,534.98,542.45
2023-07-23 00:00:00,534.98,542.45
2023-07-24 00:00:00,534.98,542.45
2023-07-25 00:00:00,534.98,542.45
2023-07-26 00:00:00,536.05,542.75
2023-07-27 00:00:00,538.67,545.65
2023-07-28 00:00:00,540.33,548.54
2023-07-29 00:00:00,540.94,548.81
2023-07-30 00:00:00,540.94,548.81
2023-07-31 00:00:00,540.94,548.81
2023-08-01 00:00:00,540.52,549.0
2023-08-02 00:00:00,542.86,547.1
2023-08-03 00:00:00,542.86,547.1
2023-08-04 00:00:00,540.92,545.98
2023-08-05 00:00:00,538.86,544.82
2023-08-06 00:00:00,538.86,544.82
2023-08-07 00:00:00,538.86,544.82
2023-08-08 00:00:00,538.62,544.74
2023-08-09 00:00:00,534.76,542.35
2023-08-10 00:00:00,534.77,540.84
2023-08-11 00:00:00,533.13,540.01
2023-08-12 00:00:00,534.2,540.63
2023-08-13 00:00:00,534.2,540.63
2023-08-14 00:00:00,534.2,540.63
2023-08-15 00:00:00,534.2,540.63
2023-08-16 00:00:00,532.47,540.85
2023-08-17 00:00:00,532.45,537.41
2023-08-18 00:00:00,531.39,538.4
2023-08-19 00:00:00,533.8,539.97
2023-08-20 00:00:00,533.8,539.97
2023-08-21 00:00:00,533.8,539.97
2023-08-22 00:00:00,535.62,542.31
2023-08-23 00:00:00,536.22,543.63
2023-08-24 00:00:00,539.9,544.61
2023-08-25 00:00:00,539.55,544.99
2023-08-26 00:00:00,538.38,544.49
2023-08-27 00:00:00,538.38,544.49
2023-08-28 00:00:00,538.38,544.49
2023-08-29 00:00:00,537.53,544.01
2023-08-30 00:00:00,535.97,541.94
2023-08-31 00:00:00,533.9,540.49
2023-09-01 00:00:00,532.97,539.75
2023-09-02 00:00:00,534.16,539.77
2023-09-03 00:00:00,534.16,539.77
2023-09-04 00:00:00,534.16,539.77
2023-09-05 00:00:00,532.04,541.46
2023-09-06 00:00:00,533.59,539.96
2023-09-07 00:00:00,533.8,540.28
2023-09-08 00:00:00,533.76,540.63
2023-09-09 00:00:00,535.5,542.11
2023-09-10 00:00:00,535.5,542.11
2023-09-11 00:00:00,535.5,542.11
2023-09-12 00:00:00,534.81,541.68
2023-09-13 00:00:00,532.79,538.52
2023-09-14 00:00:00,531.17,535.56
2023-09-15 00:00:00,527.76,534.71
2023-09-16 00:00:00,527.76,534.71
2023-09-17 00:00:00,527.76,534.71
2023-09-18 00:00:00,527.76,534.71
2023-09-19 00:00:00,528.7,535.34
2023-09-20 00:00:00,530.36,536.55
2023-09-21 00:00:00,533.27,539.73
2023-09-22 00:00:00,536.53,541.85
2023-09-23 00:00:00,538.05,543.6
2023-09-24 00:00:00,538.05,543.6
2023-09-25 00:00:00,538.05,543.6
2023-09-26 00:00:00,535.29,540.72
2023-09-27 00:00:00,532.11,536.63
2023-09-28 00:00:00,530.84,535.62
2023-09-29 00:00:00,531.62,538.69
2023-09-30 00:00:00,534.47,542.35
2023-10-01 00:00:00,534.47,542.35
2023-10-02 00:00:00,534.47,542.35
2023-10-03 00:00:00,533.49,540.31
2023-10-04 00:00:00,530.99,537.49
2023-10-05 00:00:00,532.55,538.91
2023-10-06 00:00:00,534.28,539.37
2023-10-07 00:00:00,534.6,540.57
2023-10-08 00:00:00,534.6,540.57
2023-10-09 00:00:00,534.6,540.57
2023-10-10 00:00:00,533.61,540.06
2023-10-11 00:00:00,532.41,538.76
2023-10-12 00:00:00,530.09,536.6
2023-10-13 00:00:00,528.02,534.52
2023-10-14 00:00:00,527.19,534.39
2023-10-15 00:00:00,527.19,534.39
2023-10-16 00:00:00,527.19,534.39
2023-10-17 00:00:00,527.8,535.02
2023-10-18 00:00:00,527.88,534.65
2023-10-19 00:00:00,531.0,536.28
2023-10-20 00:00:00,530.71,536.83
2023-10-21 00:00:00,532.03,537.14
2023-10-22 00:00:00,532.03,537.14
2023-10-23 00:00:00,532.03,537.14
2023-10-24 00:00:00,529.19,535.89
2023-10-25 00:00:00,527.84,536.35
2023-10-26 00:00:00,531.56,535.8
2023-10-27 00:00:00,530.7,536.4
2023-10-28 00:00:00,530.58,535.84
2023-10-29 00:00:00,530.58,535.84
2023-10-30 00:00:00,530.58,535.84
2023-10-31 00:00:00,530.13,536.88
2023-11-01 00:00:00,531.72,536.25
2023-11-02 00:00:00,530.49,536.77
2023-11-03 00:00:00,532.13,538.07
2023-11-04 00:00:00,531.59,539.25
2023-11-05 00:00:00,531.59,539.25
2023-11-06 00:00:00,531.59,539.25
2023-11-07 00:00:00,530.88,537.37
2023-11-08 00:00:00,529.45,537.12
2023-11-09 00:00:00,530.1,536.38
2023-11-10 00:00:00,530.32,536.64
2023-11-11 00:00:00,529.38,535.81
2023-11-12 00:00:00,529.38,535.81
2023-11-13 00:00:00,529.38,535.81
2023-11-14 00:00:00,528.58,534.93
2023-11-15 00:00:00,528.54,534.61
2023-11-16 00:00:00,529.78,535.16
2023-11-17 00:00:00,531.02,536.27
2023-11-18 00:00:00,531.11,535.82
2023-11-19 00:00:00,531.11,535.82
2023-11-20 00:00:00,531.11,535.82
2023-11-21 00:00:00,529.0,534.97
2023-11-22 00:00:00,528.22,534.93
2023-11-23 00:00:00,527.78,534.7
2023-11-24 00:00:00,529.98,535.02
2023-11-25 00:00:00,529.57,533.88
2023-11-26 00:00:00,529.57,533.88
2023-11-27 00:00:00,529.57,533.88
2023-11-28 00:00:00,526.5,534.53
2023-11-29 00:00:00,528.37,533.34
2023-11-30 00:00:00,528.36,534.1
2023-12-01 00:00:00,530.32,537.44
2023-12-02 00:00:00,530.32,537.44
2023-12-03 00:00:00,530.32,537.44
2023-12-04 00:00:00,530.32,537.44
2023-12-05 00:00:00,528.22,535.86
2023-12-06 00:00:00,525.71,533.23
2023-12-07 00:00:00,528.07,532.94
2023-12-08 00:00:00,526.83,532.24
2023-12-09 00:00:00,526.96,533.11
2023-12-10 00:00:00,526.96,533.11
2023-12-11 00:00:00,526.96,533.11
2023-12-12 00:00:00,526.24,531.63
2023-12-13 00:00:00,523.91,531.41
2023-12-14 00:00:00,525.0,530.4
2023-12-15 00:00:00,522.31,529.03
2023-12-16 00:00:00,521.38,528.33
2023-12-17 00:00:00,521.38,528.33
2023-12-18 00:00:00,521.38,528.33
2023-12-19 00:00:00,521.11,527.95
2023-12-20 00:00:00,520.83,526.73
2023-12-21 00:00:00,521.02,527.01
2023-12-22 00:00:00,520.08,525.8
2023-12-23 00:00:00,519.74,526.18
2023-12-24 00:00:00,519.74,526.18
2023-12-25 00:00:00,519.74,526.18
2023-12-26 00:00:00,519.74,526.18
2023-12-27 00:00:00,519.03,524.85
2023-12-28 00:00:00,518.13,524.88
2023-12-29 00:00:00,519.21,526.88
2023-12-30 00:00:00,519.21,526.88
2023-12-31 00:00:00,519.21,526.88
2024-01-01 00:00:00,519.21,526.88
2024-01-02 00:00:00,519.21,526.88
2024-01-03 00:00:00,518.92,525.68
2024-01-04 00:00:00,518.01,524.65
2024-01-05 00:00:00,516.88,523.83
2024-01-06 00:00:00,516.09,524.73
2024-01-07 00:00:00,516.09,524.73
2024-01-08 00:00:00,516.09,524.73
2024-01-09 00:00:00,519.96,525.27
2024-01-10 00:00:00,520.35,524.94
2024-01-11 00:00:00,518.06,524.97
2024-01-12 00:00:00,516.97,523.15
2024-01-13 00:00:00,516.07,523.3
2024-01-14 00:00:00,516.07,523.3
2024-01-15 00:00:00,516.07,523.3
2024-01-16 00:00:00,515.6,521.13
2024-01-17 00:00:00,512.54,519.39
2024-01-18 00:00:00,514.07,520.16
2024-01-19 00:00:00,514.51,519.23
2024-01-20 00:00:00,513.55,519.36
2024-01-21 00:00:00,513.55,519.36
2024-01-22 00:00:00,513.55,519.36
2024-01-23 00:00:00,511.81,518.32
2024-01-24 00:00:00,512.68,517.72
2024-01-25 00:00:00,511.15,517.5
2024-01-26 00:00:00,511.01,517.07
2024-01-27 00:00:00,512.09,516.86
2024-01-28 00:00:00,512.09,516.86
2024-01-29 00:00:00,512.09,516.86
2024-01-30 00:00:00,510.56,517.68
2024-01-31 00:00:00,513.02,519.79
2024-02-01 00:00:00,514.33,520.78
2024-02-02 00:00:00,512.57,520.2
2024-02-03 00:00:00,514.32,520.89
2024-02-04 00:00:00,514.32,520.89
2024-02-05 00:00:00,514.32,520.89
2024-02-06 00:00:00,514.1,521.79
2024-02-07 00:00:00,514.61,521.74
2024-02-08 00:00:00,516.13,520.82
2024-02-09 00:00:00,514.52,521.14
2024-02-10 00:00:00,515.17,521.38
2024-02-11 00:00:00,515.17,521.38
2024-02-12 00:00:00,515.17,521.38
2024-02-13 00:00:00,514.59,520.68
2024-02-14 00:00:00,514.8,520.45
2024-02-15 00:00:00,514.85,520.81
2024-02-16 00:00:00,513.47,519.51
2024-02-17 00:00:00,511.1,518.28
2024-02-18 00:00:00,511.1,518.28
2024-02-19 00:00:00,511.1,518.28
2024-02-20 00:00:00,511.41,517.41
2024-02-21 00:00:00,510.73,516.82
2024-02-22 00:00:00,511.78,517.73
2024-02-23 00:00:00,512.61,517.48
2024-02-24 00:00:00,511.27,517.96
2024-02-25 00:00:00,511.27,517.96
2024-02-26 00:00:00,511.27,517.96
2024-02-27 00:00:00,513.24,517.93
2024-02-28 00:00:00,512.05,517.14
2024-02-29 00:00:00,509.87,516.34
2024-03-01 00:00:00,509.84,517.49
2024-03-02 00:00:00,509.75,518.15
2024-03-03 00:00:00,509.75,518.15
2024-03-04 00:00:00,509.75,518.15
2024-03-05 00:00:00,509.76,515.95
2024-03-06 00:00:00,509.71,515.07
2024-03-07 00:00:00,508.65,513.76
2024-03-08 00:00:00,507.33,512.99
2024-03-09 00:00:00,506.33,512.51
2024-03-10 00:00:00,506.33,512.51
2024-03-11 00:00:00,506.33,512.51
2024-03-12 00:00:00,504.92,511.45
2024-03-13 00:00:00,504.1,510.75
2024-03-14 00:00:00,503.92,509.98
2024-03-15 00:00:00,503.53,509.43
2024-03-16 00:00:00,501.37,507.89
2024-03-17 00:00:00,501.37,507.89
2024-03-18 00:00:00,501.37,507.89
2024-03-19 00:00:00,499.72,505.8
2024-03-20 00:00:00,500.67,505.74
2024-03-21 00:00:00,499.86,505.84
2024-03-22 00:00:00,500.92,505.97
2024-03-23 00:00:00,499.42,505.68
2024-03-24 00:00:00,499.42,505.68
2024-03-25 00:00:00,499.42,505.68
2024-03-26 00:00:00,500.89,505.36
2024-03-27 00:00:00,499.32,505.99
2024-03-28 00:00:00,499.39,506.6
2024-03-29 00:00:00,499.39,506.6
2024-03-30 00:00:00,499.39,506.6
2024-03-31 00:00:00,499.39,506.6
2024-04-01 00:00:00,499.39,506.6
2024-04-02 00:00:00,497.74,505.73
2024-04-03 00:00:00,497.7,504.75
2024-04-04 00:00:00,499.76,505.99
2024-04-05 00:00:00,500.28,506.51
2024-04-06 00:00:00,498.51,507.03
2024-04-07 00:00:00,498.51,507.03
2024-04-08 00:00:00,498.51,507.03
2024-04-09 00:00:00,499.47,505.46
2024-04-10 00:00:00,499.75,504.42
2024-04-11 00:00:00,497.23,504.11
2024-04-12 00:00:00,498.23,504.34
2024-04-13 00:00:00,497.76,504.3
2024-04-14 00:00:00,497.76,504.3
2024-04-15 00:00:00,497.76,504.3
2024-04-16 00:00:00,497.76,504.3
2024-04-17 00:00:00,497.97,503.52
2024-04-18 00:00:00,497.92,504.11
2024-04-19 00:00:00,499.09,504.07
2024-04-20 00:00:00,497.44,503.7
2024-04-21 00:00:00,497.44,503.7
2024-04-22 00:00:00,497.44,503.7
2024-04-23 00:00:00,498.77,502.86
2024-04-24 00:00:00,498.48,504.43
2024-04-25 00:00:00,499.6,505.01
2024-04-26 00:00:00,499.75,504.88
2024-04-27 00:00:00,498.75,505.18
2024-04-28 00:00:00,498.75,505.18
2024-04-29 00:00:00,498.75,505.18
2024-04-30 00:00:00,500.86,507.71
2024-05-01 00:00:00,503.11,510.49
2024-05-02 00:00:00,503.11,510.49
2024-05-03 00:00:00,504.8,511.4
2024-05-04 00:00:00,503.94,511.51
2024-05-05 00:00:00,503.94,511.51
2024-05-06 00:00:00,503.94,511.51
2024-05-07 00:00:00,504.53,512.28
2024-05-08 00:00:00,506.22,512.64
2024-05-09 00:00:00,506.91,513.78
2024-05-10 00:00:00,508.04,513.95
2024-05-11 00:00:00,508.13,514.66
2024-05-12 00:00:00,508.13,514.66
2024-05-13 00:00:00,508.13,514.66
2024-05-14 00:00:00,508.32,514.3
2024-05-15 00:00:00,505.91,512.7
2024-05-16 00:00:00,505.84,511.92
2024-05-17 00:00:00,505.52,511.39
2024-05-18 00:00:00,505.39,512.59
2024-05-19 00:00:00,505.39,512.59
2024-05-20 00:00:00,505.39,512.59
2024-05-21 00:00:00,507.6,513.21
2024-05-22 00:00:00,510.56,514.73
2024-05-23 00:00:00,509.42,516.36
2024-05-24 00:00:00,512.37,518.25
2024-05-25 00:00:00,514.76,520.3
2024-05-26 00:00:00,514.76,520.3
2024-05-27 00:00:00,514.76,520.3
2024-05-28 00:00:00,515.37,522.78
2024-05-29 00:00:00,521.5,525.05
2024-05-30 00:00:00,520.35,527.11
2024-05-31 00:00:00,522.66,528.55
2024-06-01 00:00:00,523.86,532.0
2024-06-02 00:00:00,523.86,532.0
2024-06-03 00:00:00,523.86,532.0
2024-06-04 00:00:00,526.48,534.55
2024-06-05 00:00:00,526.48,532.62
2024-06-06 00:00:00,525.5,531.96
2024-06-07 00:00:00,527.52,532.61
2024-06-08 00:00:00,526.98,534.84
2024-06-09 00:00:00,526.98,534.84
2024-06-10 00:00:00,526.98,534.84
2024-06-11 00:00:00,528.36,535.4
2024-06-12 00:00:00,522.92,530.09
2024-06-13 00:00:00,521.73,527.98
2024-06-14 00:00:00,520.47,527.0
2024-06-15 00:00:00,517.99,526.12
2024-06-16 00:00:00,517.99,526.12
2024-06-17 00:00:00,517.99,526.12
2024-06-18 00:00:00,518.25,522.25
2024-06-19 00:00:00,515.23,521.65
2024-06-20 00:00:00,514.75,521.86
2024-06-21 00:00:00,518.39,523.65
2024-06-22 00:00:00,520.31,526.72
2024-06-23 00:00:00,520.31,526.72
2024-06-24 00:00:00,520.31,526.72
2024-06-25 00:00:00,522.54,527.62
2024-06-26 00:00:00,520.56,525.04
2024-06-27 00:00:00,519.19,526.85
2024-06-28 00:00:00,525.09,528.8
2024-06-29 00:00:00,523.42,530.41
2024-06-30 00:00:00,523.42,530.41
2024-07-01 00:00:00,523.42,530.41
2024-07-02 00:00:00,520.8,529.51
2024-07-03 00:00:00,523.47,529.43
2024-07-04 00:00:00,523.9,529.09
2024-07-05 00:00:00,525.46,531.39
2024-07-06 00:00:00,528.02,534.95
2024-07-07 00:00:00,528.02,534.95
2024-07-08 00:00:00,528.02,534.95
2024-07-09 00:00:00,527.21,534.29
2024-07-10 00:00:00,526.12,529.11
2024-07-11 00:00:00,521.82,527.52
2024-07-12 00:00:00,519.45,525.93
2024-07-13 00:00:00,518.62,527.06
2024-07-14 00:00:00,518.62,527.06
2024-07-15 00:00:00,518.62,527.06
2024-07-16 00:00:00,520.87,526.06
2024-07-17 00:00:00,519.65,525.84
2024-07-18 00:00:00,520.23,525.82
2024-07-19 00:00:00,522.54,527.79
2024-07-20 00:00:00,525.53,531.35
2024-07-21 00:00:00,525.53,531.35
2024-07-22 00:00:00,525.53,531.35
2024-07-23 00:00:00,525.6,531.05
2024-07-24 00:00:00,523.4,529.68
2024-07-25 00:00:00,522.41,527.85
2024-07-26 00:00:00,522.41,527.85
2024-07-27 00:00:00,523.18,527.73
2024-07-28 00:00:00,523.18,527.73
2024-07-29 00:00:00,523.18,527.73
2024-07-30 00:00:00,522.02,527.18
2024-07-31 00:00:00,521.33,527.61
2024-08-01 00:00:00,519.64,525.72
2024-08-02 00:00:00,520.64,526.18
2024-08-03 00:00:00,520.64,526.18
2024-08-04 00:00:00,520.64,526.18
2024-08-05 00:00:00,520.64,526.18
2024-08-06 00:00:00,519.9,526.38
2024-08-07 00:00:00,518.21,526.14
2024-08-08 00:00:00,523.55,529.11
2024-08-09 00:00:00,526.22,531.96
2024-08-10 00:00:00,525.72,531.94
2024-08-11 00:00:00,525.72,531.94
2024-08-12 00:00:00,525.72,531.94
2024-08-13 00:00:00,523.71,529.87
2024-08-14 00:00:00,519.76,525.94
2024-08-15 00:00:00,516.62,523.09
2024-08-16 00:00:00,516.62,523.09
2024-08-17 00:00:00,515.6,521.48
2024-08-18 00:00:00,515.6,521.48
2024-08-19 00:00:00,515.6,521.48
2024-08-20 00:00:00,515.08,521.47
2024-08-21 00:00:00,516.97,523.65
2024-08-22 00:00:00,520.41,524.97
2024-08-23 00:00:00,520.91,524.72
2024-08-24 00:00:00,521.56,527.09
2024-08-25 00:00:00,521.56,527.09
2024-08-26 00:00:00,521.56,527.09
2024-08-27 00:00:00,521.06,526.38
2024-08-28 00:00:00,517.76,522.79
2024-08-29 00:00:00,515.95,521.9
2024-08-30 00:00:00,515.75,521.72
2024-08-31 00:00:00,516.58,521.66
2024-09-01 00:00:00,516.58,521.66
2024-09-02 00:00:00,516.58,521.66
2024-09-03 00:00:00,512.77,521.47
2024-09-04 00:00:00,515.48,521.14
2024-09-05 00:00:00,515.73,522.46
2024-09-06 00:00:00,519.29,524.77
2024-09-07 00:00:00,518.6,524.64
2024-09-08 00:00:00,518.6,524.64
2024-09-09 00:00:00,518.6,524.64
2024-09-10 00:00:00,516.38,521.71
2024-09-11 00:00:00,514.63,521.64
2024-09-12 00:00:00,514.88,519.7
2024-09-13 00:00:00,514.75,520.5
2024-09-14 00:00:00,514.79,522.64
2024-09-15 00:00:00,514.79,522.64
2024-09-16 00:00:00,514.79,522.64
2024-09-17 00:00:00,514.21,519.79
2024-09-18 00:00:00,514.96,520.29
2024-09-19 00:00:00,515.21,521.68
2024-09-20 00:00:00,515.66,522.13
2024-09-21 00:00:00,515.85,521.31
2024-09-22 00:00:00,515.85,521.31
2024-09-23 00:00:00,515.85,521.31
2024-09-24 00:00:00,516.5,521.75
2024-09-25 00:00:00,514.54,521.28
2024-09-26 00:00:00,516.64,521.12
2024-09-27 00:00:00,516.65,521.44
2024-09-28 00:00:00,516.86,522.87
2024-09-29 00:00:00,516.86,522.87
2024-09-30 00:00:00,516.86,522.87
2024-10-01 00:00:00,515.05,521.69
2024-10-02 00:00:00,512.68,520.71
2024-10-03 00:00:00,516.23,520.58
2024-10-04 00:00:00,515.56,521.89
2024-10-05 00:00:00,517.71,522.37
2024-10-06 00:00:00,517.71,522.37
2024-10-07 00:00:00,517.71,522.37
2024-10-08 00:00:00,515.16,521.5
2024-10-09 00:00:00,513.26,519.38
2024-10-10 00:00:00,513.71,519.17
2024-10-11 00:00:00,514.27,518.8
2024-10-12 00:00:00,512.34,517.94
2024-10-13 00:00:00,512.34,517.94
2024-10-14 00:00:00,512.34,517.94
2024-10-15 00:00:00,511.11,517.75
2024-10-16 00:00:00,511.2,518.06
2024-10-17 00:00:00,511.58,517.31
2024-10-18 00:00:00,510.85,517.0
2024-10-19 00:00:00,511.15,517.26
2024-10-20 00:00:00,511.15,517.26
2024-10-21 00:00:00,511.15,517.26
2024-10-22 00:00:00,513.2,517.44
2024-10-23 00:00:00,512.44,518.8
2024-10-24 00:00:00,512.18,518.21
2024-10-25 00:00:00,513.13,517.0
2024-10-26 00:00:00,510.08,517.48
2024-10-27 00:00:00,510.08,517.48
2024-10-28 00:00:00,510.08,517.48
2024-10-29 00:00:00,510.23,516.56
2024-10-30 00:00:00,509.29,515.51
2024-10-31 00:00:00,509.26,515.61
2024-11-01 00:00:00,510.14,515.48
2024-11-02 00:00:00,508.27,516.36
2024-11-03 00:00:00,508.27,516.36
2024-11-04 00:00:00,508.27,516.36
2024-11-05 00:00:00,509.62,515.05
2024-11-06 00:00:00,508.74,514.36
2024-11-07 00:00:00,508.42,513.47
2024-11-08 00:00:00,509.07,514.56
2024-11-09 00:00:00,508.67,516.4
2024-11-10 00:00:00,508.67,516.4
2024-11-11 00:00:00,508.67,516.4
2024-11-12 00:00:00,507.32,514.76
2024-11-13 00:00:00,507.76,513.45
2024-11-14 00:00:00,505.84,512.27
2024-11-15 00:00:00,506.21,511.85
2024-11-19 00:00:00,505.57,511.03
2024-11-20 00:00:00,505.25,510.38
2024-11-21 00:00:00,506.29,511.54
2024-11-22 00:00:00,507.96,513.54
2024-11-23 00:00:00,507.9,513.78
2024-11-24 00:00:00,507.9,513.78
2024-11-25 00:00:00,507.9,513.78
2024-11-26 00:00:00,507.64,512.33
2024-11-27 00:00:00,507.65,513.42
2024-11-28 00:00:00,506.55,513.17
2024-11-29 00:00:00,504.56,511.86
2024-11-30 00:00:00,504.56,511.54
2024-12-01 00:00:00,504.56,511.54
2024-12-02 00:00:00,504.56,511.54
2024-12-03 00:00:00,504.05,510.71
2024-12-04 00:00:00,503.9,508.35
2024-12-05 00:00:00,504.1,508.64
2024-12-06 00:00:00,500.66,507.09
2024-12-07 00:00:00,501.77,507.78
2024-12-08 00:00:00,501.77,507.78
2024-12-09 00:00:00,501.77,507.78
2024-12-10 00:00:00,498.71,506.59
2024-12-11 00:00:00,500.65,506.75
2024-12-12 00:00:00,501.02,506.69
2024-12-13 00:00:00,501.82,507.66
2024-12-14 00:00:00,500.27,507.33
2024-12-15 00:00:00,500.27,507.33
2024-12-16 00:00:00,500.27,507.33
2024-12-17 00:00:00,500.21,505.79
2024-12-18 00:00:00,499.84,506.35
2024-12-19 00:00:00,501.48,507.5
2024-12-20 00:00:00,504.2,510.32
2024-12-21 00:00:00,504.67,509.95
2024-12-22 00:00:00,504.67,509.95
2024-12-23 00:00:00,504.67,509.95
2024-12-24 00:00:00,503.72,509.57
2024-12-25 00:00:00,503.63,510.05
2024-12-26 00:00:00,503.63,510.05
2024-12-27 00:00:00,504.65,511.9
2024-12-28 00:00:00,506.0,512.75
2024-12-29 00:00:00,506.0,512.75
2024-12-30 00:00:00,506.0,512.75
2024-12-31 00:00:00,506.66,512.73
2025-01-01 00:00:00,506.66,512.73
2025-01-02 00:00:00,506.66,512.73
2025-01-03 00:00:00,506.98,513.23
2025-01-04 00:00:00,505.06,511.93
2025-01-05 00:00:00,505.06,511.93
2025-01-06 00:00:00,505.06,511.93
2025-01-07 00:00:00,505.59,510.95
2025-01-08 00:00:00,504.39,509.63
2025-01-09 00:00:00,503.03,508.45
2025-01-10 00:00:00,502.21,507.37
2025-01-11 00:00:00,500.91,507.18
2025-01-12 00:00:00,500.91,507.18
2025-01-13 00:00:00,500.91,507.18
2025-01-14 00:00:00,499.42,506.96
2025-01-15 00:00:00,498.85,505.0
2025-01-16 00:00:00,498.21,504.27
2025-01-17 00:00:00,498.66,505.52
2025-01-18 00:00:00,499.3,506.23
2025-01-19 00:00:00,499.3,506.23
2025-01-20 00:00:00,499.3,506.23
2025-01-21 00:00:00,499.82,506.58
2025-01-22 00:00:00,501.55,506.87
2025-01-23 00:00:00,501.52,507.25
2025-01-24 00:00:00,502.36,507.52
2025-01-25 00:00:00,503.83,509.42
2025-01-26 00:00:00,503.83,509.42
2025-01-27 00:00:00,503.83,509.42
2025-01-28 00:00:00,504.21,510.37
2025-01-29 00:00:00,504.33,509.26
2025-01-30 00:00:00,501.39,509.28
2025-01-31 00:00:00,506.41,510.66
2025-02-01 00:00:00,502.98,511.38
2025-02-02 00:00:00,502.98,511.38
2025-02-03 00:00:00,502.98,511.38
2025-02-04 00:00:00,504.34,510.99
2025-02-05 00:00:00,505.82,511.14
2025-02-06 00:00:00,506.63,511.48
2025-02-07 00:00:00,506.35,511.34
2025-02-08 00:00:00,505.73,511.67
2025-02-09 00:00:00,505.73,511.67
2025-02-10 00:00:00,505.73,511.67
2025-02-11 00:00:00,502.98,510.76
2025-02-12 00:00:00,503.99,510.14
2025-02-13 00:00:00,503.96,509.92
2025-02-14 00:00:00,503.07,508.98
2025-02-15 00:00:00,503.51,509.5
2025-02-16 00:00:00,503.51,509.5
2025-02-17 00:00:00,503.51,509.5
2025-02-18 00:00:00,502.74,508.18
2025-02-19 00:00:00,503.24,508.54
2025-02-20 00:00:00,502.02,507.83
2025-02-21 00:00:00,503.26,508.61
2025-02-22 00:00:00,503.9,508.9
2025-02-23 00:00:00,503.9,508.9
2025-02-24 00:00:00,503.9,508.9
2025-02-25 00:00:00,502.66,508.42
2025-02-26 00:00:00,503.06,509.18
2025-02-27 00:00:00,504.39,509.28
2025-02-28 00:00:00,502.97,508.72
2025-03-01 00:00:00,500.38,508.15
2025-03-02 00:00:00,500.38,508.15
2025-03-03 00:00:00,500.38,508.15
2025-03-04 00:00:00,499.26,506.27
2025-03-05 00:00:00,501.16,507.54
2025-03-06 00:00:00,502.56,508.52
2025-03-07 00:00:00,501.64,507.42
2025-03-08 00:00:00,499.65,508.44
2025-03-09 00:00:00,499.65,508.44
2025-03-10 00:00:00,499.65,508.44
2025-03-11 00:00:00,499.06,506.04
2025-03-12 00:00:00,496.4,503.71
2025-03-13 00:00:00,496.52,502.55
2025-03-14 00:00:00,496.32,502.07
2025-03-15 00:00:00,495.64,501.96
2025-03-16 00:00:00,495.64,501.96
2025-03-17 00:00:00,495.64,501.96
2025-03-18 00:00:00,495.85,501.6
2025-03-19 00:00:00,495.26,501.68
2025-03-20 00:00:00,496.76,501.74
2025-03-21 00:00:00,496.93,503.04
2025-03-22 00:00:00,497.49,502.76
2025-03-23 00:00:00,497.49,502.76
2025-03-24 00:00:00,497.49,502.76
2025-03-25 00:00:00,495.47,501.79
2025-03-26 00:00:00,496.38,501.15
2025-03-27 00:00:00,496.66,501.88
2025-03-28 00:00:00,497.33,502.95
2025-03-29 00:00:00,497.07,504.21
2025-03-30 00:00:00,497.07,504.21
2025-03-31 00:00:00,497.07,504.21
2025-04-01 00:00:00,496.27,504.07
2025-04-02 00:00:00,499.01,505.82
2025-04-03 00:00:00,501.38,506.3
2025-04-04 00:00:00,503.42,508.27
2025-04-05 00:00:00,503.88,510.91
2025-04-06 00:00:00,503.88,510.91
2025-04-07 00:00:00,503.88,510.91
2025-04-08 00:00:00,506.81,511.19
2025-04-09 00:00:00,505.26,512.14
2025-04-10 00:00:00,505.27,512.07
2025-04-11 00:00:00,503.43,510.17
2025-04-12 00:00:00,503.43,510.17
2025-04-13 00:00:00,503.43,510.17
2025-04-14 00:00:00,503.43,510.17
2025-04-15 00:00:00,502.36,508.21
2025-04-16 00:00:00,499.18,506.74
2025-04-17 00:00:00,498.68,506.48
2025-04-18 00:00:00,498.68,506.48
2025-04-19 00:00:00,498.68,506.48
2025-04-20 00:00:00,498.68,506.48
2025-04-21 00:00:00,498.68,506.48
2025-04-22 00:00:00,500.3,505.22
2025-04-23 00:00:00,500.11,505.68
2025-04-24 00:00:00,500.84,507.34
2025-04-25 00:00:00,503.9,508.52
2025-04-26 00:00:00,502.5,508.96
2025-04-27 00:00:00,502.5,508.96
2025-04-28 00:00:00,502.5,508.96
2025-04-29 00:00:00,502.6,508.4
2025-04-30 00:00:00,502.24,508.0
2025-05-01 00:00:00,502.68,508.67
2025-05-02 00:00:00,502.68,508.67
2025-05-03 00:00:00,501.95,509.57
2025-05-04 00:00:00,501.95,509.57
2025-05-05 00:00:00,501.95,509.57
2025-05-06 00:00:00,502.99,508.82
2025-05-07 00:00:00,505.16,510.43
2025-05-08 00:00:00,505.65,510.86
2025-05-09 00:00:00,506.0,510.6
2025-05-10 00:00:00,501.96,510.76
2025-05-11 00:00:00,501.96,510.76
2025-05-12 00:00:00,501.96,510.76
2025-05-13 00:00:00,503.5,509.64
2025-05-14 00:00:00,502.75,508.35
2025-05-15 00:00:00,502.1,507.48
2025-05-16 00:00:00,499.93,506.43
2025-05-17 00:00:00,499.87,506.41
2025-05-18 00:00:00,499.87,506.41
2025-05-19 00:00:00,499.87,506.41
2025-05-20 00:00:00,499.63,505.96
2025-05-21 00:00:00,502.58,507.18
2025-05-22 00:00:00,504.3,509.05
2025-05-23 00:00:00,506.81,510.58
2025-05-24 00:00:00,504.94,511.06
2025-05-25 00:00:00,504.94,511.06
2025-05-26 00:00:00,504.94,511.06
2025-05-27 00:00:00,504.02,510.92
2025-05-28 00:00:00,506.74,511.07
2025-05-29 00:00:00,505.51,511.22
2025-05-30 00:00:00,504.25,509.9
2025-05-31 00:00:00,502.81,509.94
2025-06-01 00:00:00,502.81,509.94
2025-06-02 00:00:00,502.81,509.94
2025-06-03 00:00:00,502.91,509.33
2025-06-04 00:00:00,505.69,510.67
2025-06-05 00:00:00,504.44,512.02
2025-06-06 00:00:00,507.2,511.84
2025-06-07 00:00:00,505.57,510.68
2025-06-08 00:00:00,505.57,510.68
2025-06-09 00:00:00,505.57,510.68
2025-06-10 00:00:00,503.01,509.32
2025-06-11 00:00:00,501.4,508.46
2025-06-12 00:00:00,500.61,505.81
2025-06-13 00:00:00,499.85,505.64
2025-06-14 00:00:00,499.22,505.28
2025-06-15 00:00:00,499.22,505.28
2025-06-16 00:00:00,499.22,505.28
2025-06-17 00:00:00,499.75,505.4
2025-06-18 00:00:00,500.36,506.27
2025-06-19 00:00:00,502.88,507.95
2025-06-20 00:00:00,503.34,509.2
2025-06-21 00:00:00,504.76,510.37
2025-06-22 00:00:00,504.76,510.37
2025-06-23 00:00:00,504.76,510.37
2025-06-24 00:00:00,504.47,510.35
2025-06-25 00:00:00,503.34,508.2
2025-06-26 00:00:00,503.57,507.19
2025-06-27 00:00:00,502.01,507.73
2025-06-28 00:00:00,502.0,508.28
2025-06-29 00:00:00,502.0,508.28
2025-06-30 00:00:00,502.0,508.28
2025-07-01 00:00:00,502.25,508.85
2025-07-02 00:00:00,502.42,507.92
2025-07-03 00:00:00,502.65,507.6
2025-07-04 00:00:00,501.94,507.31
2025-07-05 00:00:00,501.13,508.24
2025-07-06 00:00:00,501.13,508.24
2025-07-07 00:00:00,501.13,508.24
2025-07-08 00:00:00,501.88,506.68
2025-07-09 00:00:00,500.2,505.82
2025-07-10 00:00:00,500.42,506.64
2025-07-11 00:00:00,501.73,508.03
2025-07-12 00:00:00,501.77,507.22
2025-07-13 00:00:00,501.77,507.22
2025-07-14 00:00:00,501.77,507.22
2025-07-15 00:00:00,499.43,505.78
2025-07-16 00:00:00,500.26,505.22
2025-07-17 00:00:00,500.23,506.27
2025-07-18 00:00:00,500.87,506.17
2025-07-19 00:00:00,499.51,506.08
2025-07-20 00:00:00,499.51,506.08
2025-07-21 00:00:00,499.51,506.08
2025-07-22 00:00:00,500.17,506.11
2025-07-23 00:00:00,502.95,506.4
2025-07-24 00:00:00,501.78,507.83
2025-07-25 00:00:00,505.06,507.78
2025-07-26 00:00:00,505.06,507.78
2025-07-27 00:00:00,505.06,507.78
2025-07-28 00:00:00,505.06,507.78
2025-07-29 00:00:00,502.11,508.75
2025-07-30 00:00:00,503.26,508.81
2025-07-31 00:00:00,502.69,508.35
2025-08-01 00:00:00,502.67,508.57
2025-08-02 00:00:00,502.36,509.73
2025-08-03 00:00:00,502.36,509.73
2025-08-04 00:00:00,502.36,509.73
2025-08-05 00:00:00,501.52,509.03
2025-08-06 00:00:00,501.86,508.86
2025-08-07 00:00:00,505.3,509.54
2025-08-08 00:00:00,504.06,509.47
2025-08-09 00:00:00,502.37,508.87
2025-08-10 00:00:00,502.37,508.87
2025-08-11 00:00:00,502.37,508.87
2025-08-12 00:00:00,499.8,508.07
2025-08-13 00:00:00,502.71,507.49
2025-08-14 00:00:00,501.85,507.08
2025-08-15 00:00:00,499.98,506.21
2025-08-16 00:00:00,499.98,506.21
2025-08-17 00:00:00,499.98,506.21
2025-08-18 00:00:00,499.98,506.21
2025-08-19 00:00:00,500.69,505.9
2025-08-20 00:00:00,500.74,506.88
2025-08-21 00:00:00,502.14,506.47
2025-08-22 00:00:00,500.05,505.01
2025-08-23 00:00:00,499.14,505.72
2025-08-24 00:00:00,499.14,505.72
2025-08-25 00:00:00,499.14,505.72
2025-08-26 00:00:00,500.49,506.84
2025-08-27 00:00:00,503.72,507.88
2025-08-28 00:00:00,503.13,508.18
2025-08-29 00:00:00,502.78,508.23
2025-08-30 00:00:00,502.99,509.25
2025-08-31 00:00:00,502.99,509.25
2025-09-01 00:00:00,502.99,509.25
2025-09-02 00:00:00,501.66,509.04
2025-09-03 00:00:00,505.44,510.27
2025-09-04 00:00:00,505.64,510.01
2025-09-05 00:00:00,505.54,509.85
2025-09-06 00:00:00,503.19,509.6
2025-09-07 00:00:00,503.19,509.6
2025-09-08 00:00:00,503.19,509.6
2025-09-09 00:00:00,502.46,508.7
2025-09-10 00:00:00,499.83,507.03
2025-09-11 00:00:00,502.15,507.47
2025-09-12 00:00:00,501.17,506.6
2025-09-13 00:00:00,500.32,506.98
2025-09-14 00:00:00,500.32,506.98
2025-09-15 00:00:00,500.32,506.98
2025-09-16 00:00:00,500.32,506.98
2025-09-17 00:00:00,500.05,506.53
2025-09-18 00:00:00,500.99,506.26
2025-09-19 00:00:00,500.15,506.21
2025-09-20 00:00:00,500.51,506.52
2025-09-21 00:00:00,500.51,506.52
2025-09-22 00:00:00,500.51,506.52
2025-09-23 00:00:00,500.43,506.39
2025-09-24 00:00:00,502.0,506.42
2025-09-25 00:00:00,502.62,507.52
2025-09-26 00:00:00,502.76,506.38
2025-09-27 00:00:00,499.99,506.33
2025-09-28 00:00:00,499.99,506.33
2025-09-29 00:00:00,499.99,506.33
2025-09-30 00:00:00,498.65,506.0
2025-10-01 00:00:00,500.27,506.87
2025-10-02 00:00:00,501.2,506.56
2025-10-03 00:00:00,501.02,507.65
2025-10-04 00:00:00,500.57,507.98
2025-10-05 00:00:00,500.57,507.98
2025-10-06 00:00:00,500.57,507.98
2025-10-07 00:00:00,502.57,508.22
2025-10-08 00:00:00,501.8,508.46
2025-10-09 00:00:00,501.05,506.84
2025-10-10 00:00:00,499.97,506.35
2025-10-11 00:00:00,501.78,506.99
2025-10-12 00:00:00,501.78,506.99
2025-10-13 00:00:00,501.78,506.99
2025-10-14 00:00:00,501.29,507.31
2025-10-15 00:00:00,501.41,505.55
2025-10-16 00:00:00,499.31,504.9
2025-10-17 00:00:00,498.56,504.84
2025-10-18 00:00:00,499.3,504.94
2025-10-19 00:00:00,499.3,504.94
2025-10-20 00:00:00,499.3,504.94
2025-10-21 00:00:00,499.97,505.3
2025-10-22 00:00:00,500.63,505.94
2025-10-23 00:00:00,499.84,506.5
2025-10-24 00:00:00,500.01,504.96
2025-10-25 00:00:00,498.96,504.06
2025-10-26 00:00:00,498.96,504.06
2025-10-27 00:00:00,498.96,504.06
2025-10-28 00:00:00,498.5,503.85
2025-10-29 00:00:00,498.89,504.58
2025-10-30 00:00:00,499.46,505.03
2025-10-31 00:00:00,498.19,504.44
2025-11-01 00:00:00,498.37,504.73
2025-11-02 00:00:00,498.37,504.73
2025-11-03 00:00:00,498.37,504.73
2025-11-04 00:00:00,498.44,504.69
2025-11-05 00:00:00,501.34,505.44
2025-11-06 00:00:00,501.81,505.87
2025-11-07 00:00:00,501.13,506.38
2025-11-08 00:00:00,500.11,505.46
2025-11-09 00:00:00,500.11,505.46
2025-11-10 00:00:00,500.11,505.46
2025-11-11 00:00:00,499.33,504.88
2025-11-12 00:00:00,499.46,505.39
2025-11-13 00:00:00,499.01,503.92
2025-11-14 00:00:00,497.62,502.57
2025-11-15 00:00:00,496.11,501.38
2025-11-16 00:00:00,496.11,501.38
2025-11-17 00:00:00,496.11,501.38
2025-11-18 00:00:00,495.68,501.83
2025-11-19 00:00:00,495.92,501.83
2025-11-20 00:00:00,496.64,502.16
2025-11-21 00:00:00,495.84,502.34
2025-11-22 00:00:00,496.39,501.6
2025-11-23 00:00:00,496.39,501.6
2025-11-24 00:00:00,496.39,501.6
2025-11-25 00:00:00,496.07,499.82
2025-11-26 00:00:00,492.55,498.4
2025-11-27 00:00:00,493.11,497.9
2025-11-28 00:00:00,490.19,496.59
2025-11-29 00:00:00,488.55,496.39
2025-11-30 00:00:00,488.55,496.39
2025-12-01 00:00:00,488.55,496.39
2025-12-02 00:00:00,488.55,496.39
2025-12-03 00:00:00,489.96,494.36
2025-12-04 00:00:00,487.73,492.91
2025-12-05 00:00:00,486.23,490.78
2025-12-06 00:00:00,485.15,491.54
2025-12-07 00:00:00,485.15,491.54
2025-12-08 00:00:00,485.15,491.54
2025-12-09 00:00:00,485.23,492.57
2025-12-10 00:00:00,489.52,495.26
2025-12-11 00:00:00,495.29,501.76
2025-12-12 00:00:00,496.49,502.14
2025-12-13 00:00:00,494.34,500.49
2025-12-14 00:00:00,494.34,500.49
2025-12-15 00:00:00,494.34,500.49
2025-12-16 00:00:00,492.63,498.48
2025-12-17 00:00:00,491.47,498.03
2025-12-18 00:00:00,493.35,498.51
2025-12-19 00:00:00,494.31,497.59
2025-12-20 00:00:00,492.46,498.05
2025-12-21 00:00:00,492.46,498.05
2025-12-22 00:00:00,492.46,498.05
2025-12-23 00:00:00,490.8,498.19
2025-12-24 00:00:00,494.02,499.78
2025-12-25 00:00:00,495.21,501.93
2025-12-26 00:00:00,495.21,501.93
2025-12-27 00:00:00,495.13,500.27
2025-12-28 00:00:00,495.13,500.27
2025-12-29 00:00:00,495.13,500.27
2025-12-30 00:00:00,495.43,501.08
2025-12-31 00:00:00,495.78,501.42
2026-01-01 00:00:00,495.78,501.42
2026-01-02 00:00:00,495.78,501.42
2026-01-03 00:00:00,496.08,502.64
2026-01-04 00:00:00,496.08,502.64
2026-01-05 00:00:00,496.08,502.64
2026-01-06 00:00:00,495.4,500.4
2026-01-07 00:00:00,495.22,500.57
2026-01-08 00:00:00,495.01,500.15
2026-01-09 00:00:00,494.4,500.23
2026-01-10 00:00:00,495.1,501.15
2026-01-11 00:00:00,495.1,501.15
2026-01-12 00:00:00,495.1,501.15
2026-01-13 00:00:00,493.74,499.84
2026-01-14 00:00:00,492.3,496.82
2026-01-15 00:00:00,488.19,495.38
2026-01-16 00:00:00,485.91,491.51
2026-01-17 00:00:00,484.38,490.28
2026-01-18 00:00:00,484.38,490.28
2026-01-19 00:00:00,484.38,490.28
2026-01-20 00:00:00,484.41,490.87
2026-01-21 00:00:00,487.01,492.44
2026-01-22 00:00:00,488.57,494.27
2026-01-23 00:00:00,492.59,497.49
2026-01-24 00:00:00,496.46,500.22
2026-01-25 00:00:00,496.46,500.22
2026-01-26 00:00:00,496.46,500.22
2026-01-27 00:00:00,494.45,500.8
2026-01-28 00:00:00,493.54,496.41
2026-01-29 00:00:00,489.72,496.55
2026-01-30 00:00:00,491.7,497.46
2026-01-31 00:00:00,492.32,499.37
2026-02-01 00:00:00,492.32,499.37
2026-02-02 00:00:00,492.32,499.37
2026-02-03 00:00:00,491.23,498.16
2026-02-04 00:00:00,491.92,497.72
2026-02-05 00:00:00,493.86,498.93
2026-02-06 00:00:00,491.24,496.18
2026-02-07 00:00:00,488.9,496.44
2026-02-08 00:00:00,488.9,496.44
2026-02-09 00:00:00,488.9,496.44
2026-02-10 00:00:00,488.23,494.9
2026-02-11 00:00:00,486.37,492.84
2026-02-12 00:00:00,484.66,490.28
2026-02-13 00:00:00,482.29,487.69
2026-02-14 00:00:00,478.72,485.72
2026-02-15 00:00:00,478.72,485.72
